,Attrition_Flag
0,0
1,0
2,0
3,0
4,0
5,0
6,0
7,0
8,0
9,0
10,0
11,0
12,0
13,0
14,0
15,0
16,1
17,0
18,0
19,0
20,0
21,0
22,0
23,1
24,0
25,1
26,0
27,0
28,0
29,0
30,0
31,0
32,1
33,0
34,0
35,1
36,0
37,0
38,0
39,0
40,0
41,0
42,0
43,1
44,0
45,0
46,0
47,1
48,0
49,0
50,0
51,1
52,0
53,0
54,0
55,1
56,0
57,0
58,0
59,0
60,0
61,0
62,0
63,0
64,0
65,0
66,0
67,0
68,0
69,0
70,0
71,0
72,0
73,0
74,0
75,1
76,0
77,0
78,0
79,0
80,0
81,0
82,1
83,0
84,0
85,0
86,1
87,1
88,0
89,1
90,0
91,0
92,0
93,0
94,0
95,0
96,0
97,0
98,0
99,0
100,0
101,1
102,0
103,0
104,0
105,0
106,0
107,0
108,0
109,0
110,0
111,0
112,0
113,0
114,1
115,0
116,0
117,0
118,0
119,0
120,0
121,0
122,0
123,1
124,0
125,0
126,0
127,0
128,0
129,0
130,0
131,0
132,0
133,0
134,0
135,0
136,0
137,0
138,0
139,0
140,1
141,0
142,0
143,0
144,0
145,0
146,0
147,0
148,1
149,0
150,0
151,0
152,0
153,0
154,0
155,0
156,0
157,0
158,0
159,1
160,0
161,0
162,0
163,0
164,0
165,0
166,0
167,0
168,1
169,0
170,0
171,0
172,0
173,0
174,0
175,1
176,0
177,0
178,0
179,0
180,1
181,0
182,0
183,0
184,0
185,0
186,0
187,0
188,0
189,0
190,0
191,1
192,0
193,0
194,1
195,0
196,0
197,1
198,0
199,0
200,0
201,0
202,0
203,0
204,0
205,0
206,1
207,1
208,0
209,0
210,0
211,0
212,0
213,0
214,1
215,0
216,1
217,0
218,0
219,1
220,1
221,0
222,0
223,0
224,0
225,0
226,0
227,0
228,0
229,0
230,0
231,0
232,0
233,0
234,0
235,0
236,0
237,1
238,0
239,0
240,0
241,0
242,0
243,0
244,0
245,0
246,0
247,0
248,0
249,0
250,0
251,1
252,1
253,1
254,0
255,1
256,0
257,0
258,1
259,0
260,0
261,0
262,0
263,0
264,1
265,1
266,0
267,0
268,0
269,1
270,0
271,0
272,0
273,0
274,0
275,0
276,1
277,0
278,0
279,0
280,0
281,0
282,0
283,0
284,0
285,0
286,0
287,1
288,0
289,0
290,1
291,0
292,0
293,1
294,0
295,0
296,0
297,0
298,0
299,0
300,0
301,0
302,0
303,0
304,0
305,0
306,0
307,1
308,0
309,0
310,0
311,0
312,0
313,0
314,1
315,0
316,0
317,0
318,0
319,0
320,0
321,0
322,0
323,0
324,0
325,0
326,0
327,1
328,0
329,0
330,0
331,0
332,0
333,0
334,0
335,0
336,0
337,0
338,0
339,0
340,0
341,1
342,0
343,0
344,1
345,0
346,0
347,0
348,0
349,0
350,0
351,0
352,0
353,0
354,0
355,0
356,0
357,0
358,0
359,1
360,1
361,1
362,0
363,0
364,0
365,0
366,0
367,0
368,0
369,1
370,0
371,1
372,0
373,0
374,0
375,1
376,0
377,0
378,0
379,1
380,0
381,0
382,1
383,0
384,0
385,0
386,0
387,0
388,0
389,0
390,0
391,0
392,0
393,1
394,0
395,0
396,0
397,0
398,0
399,0
400,0
401,1
402,0
403,0
404,0
405,1
406,0
407,1
408,0
409,0
410,0
411,0
412,0
413,0
414,0
415,0
416,0
417,0
418,1
419,0
420,0
421,0
422,0
423,0
424,0
425,0
426,0
427,0
428,0
429,0
430,1
431,0
432,1
433,0
434,0
435,1
436,0
437,1
438,0
439,0
440,0
441,0
442,0
443,1
444,1
445,0
446,0
447,1
448,0
449,0
450,0
451,0
452,0
453,0
454,0
455,0
456,1
457,0
458,0
459,0
460,0
461,0
462,0
463,0
464,0
465,0
466,0
467,0
468,0
469,0
470,1
471,0
472,0
473,0
474,0
475,0
476,0
477,0
478,0
479,0
480,0
481,1
482,0
483,0
484,0
485,1
486,1
487,0
488,0
489,0
490,0
491,0
492,0
493,0
494,0
495,0
496,0
497,0
498,0
499,0
500,0
501,0
502,0
503,0
504,0
505,0
506,0
507,0
508,0
509,0
510,0
511,0
512,0
513,0
514,0
515,0
516,0
517,0
518,1
519,0
520,0
521,0
522,0
523,0
524,0
525,0
526,0
527,0
528,0
529,0
530,0
531,0
532,0
533,0
534,0
535,0
536,0
537,0
538,0
539,0
540,0
541,1
542,0
543,0
544,0
545,0
546,1
547,0
548,1
549,0
550,1
551,0
552,0
553,0
554,0
555,0
556,0
557,1
558,0
559,0
560,0
561,0
562,0
563,0
564,0
565,1
566,0
567,0
568,0
569,0
570,0
571,0
572,1
573,0
574,0
575,0
576,0
577,0
578,0
579,0
580,0
581,0
582,0
583,0
584,0
585,0
586,0
587,1
588,1
589,0
590,0
591,0
592,0
593,0
594,0
595,0
596,0
597,1
598,1
599,0
600,0
601,0
602,0
603,0
604,1
605,1
606,0
607,0
608,0
609,0
610,1
611,0
612,0
613,0
614,0
615,0
616,0
617,0
618,0
619,0
620,1
621,0
622,0
623,0
624,0
625,0
626,0
627,0
628,0
629,0
630,0
631,0
632,0
633,1
634,0
635,0
636,1
637,0
638,0
639,0
640,0
641,0
642,0
643,0
644,0
645,0
646,0
647,0
648,0
649,0
650,0
651,1
652,1
653,0
654,1
655,0
656,0
657,0
658,0
659,0
660,0
661,0
662,0
663,0
664,0
665,0
666,0
667,0
668,0
669,0
670,0
671,0
672,0
673,0
674,0
675,1
676,0
677,0
678,1
679,1
680,0
681,0
682,0
683,0
684,0
685,0
686,0
687,0
688,1
689,0
690,1
691,0
692,0
693,0
694,0
695,0
696,0
697,0
698,1
699,0
700,0
701,0
702,0
703,0
704,0
705,0
706,0
707,0
708,0
709,1
710,0
711,0
712,0
713,0
714,0
715,0
716,0
717,0
718,0
719,0
720,1
721,0
722,1
723,0
724,0
725,0
726,0
727,0
728,0
729,0
730,0
731,0
732,0
733,0
734,1
735,0
736,0
737,0
738,1
739,0
740,1
741,0
742,1
743,0
744,0
745,0
746,1
747,0
748,0
749,0
750,0
751,0
752,0
753,0
754,1
755,0
756,0
757,0
758,1
759,0
760,0
761,0
762,0
763,0
764,1
765,0
766,0
767,0
768,0
769,0
770,0
771,0
772,0
773,0
774,0
775,0
776,0
777,0
778,0
779,0
780,0
781,0
782,1
783,0
784,0
785,0
786,0
787,0
788,0
789,0
790,0
791,0
792,0
793,0
794,0
795,0
796,0
797,0
798,0
799,0
800,0
801,1
802,1
803,0
804,0
805,0
806,1
807,0
808,1
809,0
810,0
811,1
812,0
813,1
814,0
815,0
816,0
817,0
818,0
819,1
820,0
821,1
822,1
823,1
824,0
825,0
826,0
827,0
828,0
829,0
830,0
831,0
832,0
833,0
834,0
835,1
836,0
837,0
838,1
839,0
840,0
841,0
842,0
843,0
844,0
845,0
846,0
847,0
848,1
849,0
850,0
851,0
852,0
853,1
854,1
855,0
856,0
857,0
858,1
859,1
860,0
861,0
862,0
863,0
864,0
865,1
866,1
867,1
868,1
869,0
870,1
871,1
872,1
873,0
874,0
875,0
876,0
877,0
878,0
879,0
880,0
881,0
882,0
883,0
884,0
885,0
886,0
887,1
888,0
889,0
890,0
891,0
892,0
893,0
894,1
895,0
896,0
897,0
898,0
899,0
900,0
901,1
902,1
903,0
904,0
905,0
906,0
907,0
908,0
909,0
910,1
911,1
912,0
913,0
914,0
915,0
916,1
917,0
918,0
919,0
920,0
921,1
922,1
923,0
924,0
925,0
926,0
927,0
928,0
929,1
930,0
931,0
932,0
933,0
934,0
935,0
936,1
937,0
938,0
939,1
940,0
941,0
942,0
943,0
944,0
945,0
946,0
947,0
948,0
949,0
950,0
951,0
952,0
953,0
954,0
955,0
956,1
957,0
958,0
959,0
960,0
961,0
962,0
963,0
964,0
965,0
966,0
967,1
968,1
969,0
970,0
971,0
972,0
973,1
974,1
975,0
976,0
977,0
978,0
979,0
980,0
981,1
982,0
983,0
984,0
985,0
986,0
987,0
988,0
989,0
990,1
991,0
992,0
993,0
994,0
995,0
996,0
997,0
998,1
999,0
1000,0
1001,0
1002,0
1003,0
1004,1
1005,0
1006,0
1007,0
1008,0
1009,0
1010,0
1011,0
1012,0
1013,0
1014,0
1015,1
1016,0
1017,1
1018,1
1019,0
1020,0
1021,0
1022,0
1023,0
1024,1
1025,1
1026,0
1027,0
1028,1
1029,0
1030,1
1031,0
1032,0
1033,0
1034,0
1035,0
1036,1
1037,0
1038,0
1039,0
1040,0
1041,0
1042,0
1043,1
1044,0
1045,0
1046,0
1047,0
1048,0
1049,0
1050,0
1051,0
1052,1
1053,0
1054,0
1055,1
1056,0
1057,0
1058,0
1059,0
1060,0
1061,0
1062,0
1063,0
1064,0
1065,0
1066,0
1067,0
1068,0
1069,0
1070,0
1071,0
1072,0
1073,0
1074,0
1075,1
1076,0
1077,0
1078,0
1079,0
1080,0
1081,1
1082,0
1083,0
1084,0
1085,0
1086,0
1087,0
1088,0
1089,0
1090,1
1091,0
1092,0
1093,1
1094,0
1095,0
1096,1
1097,0
1098,0
1099,0
1100,0
1101,0
1102,1
1103,0
1104,0
1105,0
1106,0
1107,0
1108,0
1109,0
1110,0
1111,0
1112,1
1113,0
1114,1
1115,0
1116,0
1117,0
1118,1
1119,0
1120,0
1121,0
1122,0
1123,0
1124,0
1125,0
1126,0
1127,1
1128,0
1129,0
1130,0
1131,0
1132,0
1133,0
1134,0
1135,0
1136,0
1137,0
1138,0
1139,0
1140,0
1141,1
1142,0
1143,0
1144,1
1145,0
1146,0
1147,0
1148,0
1149,0
1150,1
1151,0
1152,0
1153,1
1154,0
1155,0
1156,0
1157,0
1158,0
1159,1
1160,0
1161,0
1162,0
1163,0
1164,0
1165,0
1166,0
1167,0
1168,0
1169,0
1170,0
1171,0
1172,0
1173,0
1174,1
1175,0
1176,0
1177,0
1178,0
1179,0
1180,0
1181,0
1182,0
1183,0
1184,0
1185,0
1186,0
1187,0
1188,0
1189,0
1190,0
1191,0
1192,0
1193,0
1194,0
1195,1
1196,0
1197,0
1198,0
1199,0
1200,0
1201,0
1202,0
1203,1
1204,1
1205,0
1206,0
1207,0
1208,0
1209,0
1210,0
1211,0
1212,0
1213,0
1214,0
1215,0
1216,0
1217,0
1218,1
1219,1
1220,0
1221,0
1222,1
1223,0
1224,0
1225,0
1226,0
1227,0
1228,0
1229,0
1230,0
1231,0
1232,0
1233,0
1234,1
1235,0
1236,0
1237,0
1238,1
1239,0
1240,0
1241,0
1242,0
1243,1
1244,0
1245,0
1246,0
1247,0
1248,0
1249,0
1250,0
1251,0
1252,0
1253,0
1254,0
1255,0
1256,0
1257,0
1258,0
1259,0
1260,0
1261,0
1262,0
1263,0
1264,0
1265,0
1266,0
1267,0
1268,0
1269,0
1270,0
1271,0
1272,1
1273,0
1274,0
1275,0
1276,0
1277,1
1278,0
1279,0
1280,0
1281,0
1282,0
1283,0
1284,0
1285,0
1286,1
1287,0
1288,0
1289,0
1290,0
1291,1
1292,0
1293,0
1294,0
1295,0
1296,0
1297,0
1298,0
1299,0
1300,0
1301,0
1302,0
1303,0
1304,0
1305,1
1306,0
1307,1
1308,0
1309,0
1310,0
1311,1
1312,0
1313,0
1314,0
1315,0
1316,0
1317,0
1318,0
1319,0
1320,0
1321,0
1322,0
1323,0
1324,0
1325,1
1326,0
1327,0
1328,0
1329,0
1330,0
1331,0
1332,0
1333,0
1334,0
1335,1
1336,1
1337,1
1338,0
1339,0
1340,0
1341,0
1342,0
1343,0
1344,0
1345,1
1346,1
1347,0
1348,0
1349,1
1350,0
1351,0
1352,0
1353,0
1354,0
1355,0
1356,0
1357,0
1358,0
1359,0
1360,0
1361,0
1362,1
1363,0
1364,0
1365,0
1366,0
1367,0
1368,0
1369,0
1370,0
1371,0
1372,0
1373,0
1374,0
1375,0
1376,0
1377,0
1378,0
1379,0
1380,0
1381,0
1382,0
1383,0
1384,0
1385,0
1386,0
1387,0
1388,0
1389,0
1390,0
1391,0
1392,0
1393,0
1394,0
1395,0
1396,0
1397,0
1398,0
1399,0
1400,0
1401,0
1402,1
1403,0
1404,0
1405,0
1406,0
1407,0
1408,0
1409,1
1410,0
1411,0
1412,0
1413,0
1414,0
1415,0
1416,1
1417,0
1418,1
1419,0
1420,0
1421,1
1422,0
1423,0
1424,0
1425,0
1426,0
1427,0
1428,0
1429,0
1430,0
1431,0
1432,1
1433,0
1434,0
1435,0
1436,0
1437,1
1438,0
1439,0
1440,0
1441,0
1442,0
1443,0
1444,0
1445,0
1446,0
1447,0
1448,0
1449,0
1450,0
1451,0
1452,0
1453,0
1454,0
1455,0
1456,1
1457,0
1458,0
1459,0
1460,0
1461,0
1462,1
1463,0
1464,0
1465,0
1466,0
1467,1
1468,1
1469,0
1470,0
1471,0
1472,0
1473,0
1474,0
1475,0
1476,0
1477,0
1478,0
1479,1
1480,0
1481,0
1482,0
1483,0
1484,0
1485,0
1486,0
1487,0
1488,0
1489,0
1490,0
1491,0
1492,0
1493,0
1494,0
1495,1
1496,0
1497,0
1498,0
1499,0
1500,0
1501,0
1502,0
1503,0
1504,0
1505,0
1506,0
1507,0
1508,0
1509,0
1510,0
1511,0
1512,0
1513,0
1514,0
1515,0
1516,0
1517,0
1518,0
1519,0
1520,1
1521,0
1522,0
1523,0
1524,0
1525,0
1526,0
1527,0
1528,0
1529,0
1530,0
1531,0
1532,0
1533,0
1534,0
1535,0
1536,1
1537,1
1538,0
1539,0
1540,1
1541,1
1542,0
1543,0
1544,1
1545,0
1546,0
1547,0
1548,1
1549,0
1550,0
1551,1
1552,0
1553,0
1554,1
1555,0
1556,0
1557,0
1558,0
1559,0
1560,0
1561,0
1562,0
1563,0
1564,0
1565,0
1566,0
1567,1
1568,0
1569,1
1570,0
1571,0
1572,0
1573,0
1574,1
1575,0
1576,1
1577,1
1578,0
1579,0
1580,0
1581,0
1582,0
1583,1
1584,0
1585,0
1586,1
1587,0
1588,0
1589,1
1590,0
1591,0
1592,0
1593,0
1594,0
1595,0
1596,0
1597,0
1598,0
1599,1
1600,1
1601,0
1602,0
1603,0
1604,0
1605,0
1606,0
1607,1
1608,0
1609,0
1610,0
1611,0
1612,0
1613,0
1614,0
1615,0
1616,0
1617,0
1618,1
1619,0
1620,1
1621,0
1622,0
1623,0
1624,0
1625,0
1626,1
1627,1
1628,0
1629,0
1630,1
1631,1
1632,0
1633,0
1634,0
1635,0
1636,1
1637,0
1638,0
1639,1
1640,0
1641,0
1642,0
1643,0
1644,1
1645,0
1646,1
1647,0
1648,0
1649,0
1650,0
1651,0
1652,0
1653,1
1654,1
1655,0
1656,0
1657,0
1658,1
1659,1
1660,0
1661,1
1662,0
1663,0
1664,1
1665,0
1666,0
1667,0
1668,0
1669,0
1670,0
1671,0
1672,0
1673,0
1674,0
1675,0
1676,1
1677,0
1678,0
1679,0
1680,1
1681,1
1682,0
1683,0
1684,1
1685,0
1686,0
1687,1
1688,0
1689,0
1690,0
1691,0
1692,0
1693,1
1694,0
1695,0
1696,1
1697,0
1698,0
1699,0
1700,0
1701,0
1702,0
1703,0
1704,0
1705,1
1706,0
1707,0
1708,1
1709,0
1710,1
1711,0
1712,1
1713,0
1714,0
1715,0
1716,0
1717,1
1718,0
1719,0
1720,0
1721,0
1722,0
1723,0
1724,0
1725,0
1726,0
1727,0
1728,0
1729,0
1730,0
1731,1
1732,1
1733,0
1734,0
1735,0
1736,0
1737,1
1738,1
1739,0
1740,0
1741,0
1742,0
1743,0
1744,0
1745,1
1746,0
1747,0
1748,0
1749,0
1750,0
1751,1
1752,0
1753,1
1754,0
1755,0
1756,0
1757,0
1758,0
1759,1
1760,1
1761,0
1762,0
1763,0
1764,1
1765,0
1766,0
1767,0
1768,0
1769,0
1770,0
1771,0
1772,0
1773,1
1774,0
1775,0
1776,0
1777,0
1778,0
1779,0
1780,1
1781,0
1782,0
1783,0
1784,0
1785,1
1786,0
1787,0
1788,0
1789,1
1790,0
1791,0
1792,0
1793,0
1794,0
1795,0
1796,0
1797,0
1798,0
1799,0
1800,0
1801,0
1802,0
1803,0
1804,0
1805,0
1806,0
1807,0
1808,0
1809,0
1810,0
1811,1
1812,1
1813,0
1814,0
1815,0
1816,0
1817,0
1818,1
1819,0
1820,0
1821,1
1822,0
1823,0
1824,0
1825,1
1826,1
1827,0
1828,0
1829,0
1830,0
1831,0
1832,0
1833,0
1834,0
1835,1
1836,0
1837,0
1838,0
1839,1
1840,0
1841,0
1842,0
1843,0
1844,1
1845,0
1846,0
1847,0
1848,0
1849,0
1850,0
1851,0
1852,0
1853,0
1854,0
1855,0
1856,0
1857,0
1858,0
1859,1
1860,0
1861,0
1862,0
1863,0
1864,0
1865,0
1866,0
1867,0
1868,0
1869,0
1870,0
1871,0
1872,0
1873,0
1874,0
1875,0
1876,0
1877,0
1878,1
1879,0
1880,0
1881,0
1882,0
1883,0
1884,0
1885,0
1886,0
1887,0
1888,0
1889,0
1890,0
1891,0
1892,0
1893,0
1894,0
1895,0
1896,0
1897,0
1898,0
1899,0
1900,0
1901,0
1902,1
1903,0
1904,0
1905,1
1906,0
1907,0
1908,0
1909,0
1910,0
1911,0
1912,0
1913,0
1914,1
1915,0
1916,0
1917,1
1918,1
1919,0
1920,0
1921,0
1922,0
1923,0
1924,1
1925,0
1926,0
1927,0
1928,0
1929,0
1930,1
1931,1
1932,1
1933,0
1934,0
1935,0
1936,0
1937,0
1938,0
1939,0
1940,1
1941,0
1942,0
1943,0
1944,1
1945,0
1946,0
1947,0
1948,0
1949,0
1950,0
1951,1
1952,0
1953,0
1954,0
1955,0
1956,1
1957,1
1958,0
1959,0
1960,0
1961,0
1962,1
1963,0
1964,0
1965,0
1966,1
1967,0
1968,0
1969,0
1970,0
1971,0
1972,0
1973,1
1974,1
1975,0
1976,1
1977,0
1978,1
1979,0
1980,1
1981,0
1982,0
1983,0
1984,0
1985,0
1986,0
1987,0
1988,0
1989,0
1990,0
1991,0
1992,0
1993,0
1994,0
1995,0
1996,1
1997,0
1998,0
1999,0
2000,0
2001,0
2002,0
2003,0
2004,0
2005,1
2006,0
2007,0
2008,0
2009,0
2010,1
2011,0
2012,1
2013,0
2014,0
2015,0
2016,0
2017,1
2018,0
2019,0
2020,0
2021,0
2022,0
2023,1
2024,0
2025,0
2026,0
2027,0
2028,0
2029,0
2030,0
2031,0
2032,0
2033,0
2034,1
2035,0
2036,0
2037,0
2038,0
2039,0
2040,0
2041,0
2042,0
2043,0
2044,0
2045,0
2046,0
2047,1
2048,0
2049,0
2050,0
2051,1
2052,1
2053,0
2054,1
2055,1
2056,1
2057,1
2058,0
2059,0
2060,1
2061,0
2062,0
2063,0
2064,1
2065,0
2066,0
2067,0
2068,0
2069,0
2070,0
2071,0
2072,0
2073,0
2074,0
2075,0
2076,0
2077,0
2078,0
2079,0
2080,0
2081,0
2082,0
2083,1
2084,0
2085,0
2086,0
2087,0
2088,0
2089,0
2090,0
2091,0
2092,0
2093,1
2094,0
2095,0
2096,1
2097,0
2098,0
2099,1
2100,0
2101,1
2102,1
2103,0
2104,0
2105,0
2106,0
2107,0
2108,0
2109,0
2110,0
2111,0
2112,0
2113,0
2114,0
2115,0
2116,0
2117,0
2118,0
2119,0
2120,1
2121,0
2122,0
2123,1
2124,1
2125,0
2126,0
2127,0
2128,1
2129,0
2130,0
2131,1
2132,1
2133,0
2134,0
2135,0
2136,1
2137,0
2138,0
2139,0
2140,0
2141,0
2142,0
2143,0
2144,0
2145,0
2146,1
2147,0
2148,1
2149,0
2150,1
2151,0
2152,0
2153,0
2154,0
2155,0
2156,0
2157,0
2158,1
2159,0
2160,0
2161,0
2162,0
2163,0
2164,0
2165,0
2166,0
2167,0
2168,0
2169,1
2170,0
2171,1
2172,0
2173,0
2174,0
2175,0
2176,0
2177,1
2178,0
2179,0
2180,0
2181,0
2182,0
2183,0
2184,0
2185,0
2186,0
2187,0
2188,1
2189,1
2190,0
2191,0
2192,1
2193,0
2194,0
2195,0
2196,0
2197,0
2198,0
2199,0
2200,0
2201,0
2202,0
2203,0
2204,0
2205,0
2206,0
2207,0
2208,0
2209,0
2210,1
2211,0
2212,0
2213,0
2214,0
2215,0
2216,0
2217,0
2218,1
2219,0
2220,0
2221,0
2222,0
2223,0
2224,0
2225,0
2226,0
2227,1
2228,0
2229,0
2230,1
2231,0
2232,1
2233,0
2234,0
2235,0
2236,0
2237,0
2238,0
2239,0
2240,0
2241,0
2242,0
2243,0
2244,0
2245,0
2246,0
2247,0
2248,0
2249,0
2250,0
2251,0
2252,0
2253,0
2254,0
2255,0
2256,0
2257,0
2258,0
2259,0
2260,0
2261,1
2262,0
2263,0
2264,0
2265,1
2266,0
2267,0
2268,1
2269,0
2270,0
2271,0
2272,0
2273,0
2274,0
2275,0
2276,0
2277,1
2278,0
2279,0
2280,0
2281,0
2282,0
2283,0
2284,0
2285,1
2286,1
2287,0
2288,0
2289,0
2290,0
2291,0
2292,1
2293,1
2294,1
2295,0
2296,0
2297,0
2298,0
2299,0
2300,0
2301,0
2302,0
2303,0
2304,0
2305,0
2306,1
2307,1
2308,0
2309,0
2310,0
2311,0
2312,0
2313,0
2314,0
2315,0
2316,0
2317,0
2318,0
2319,0
2320,0
2321,0
2322,0
2323,0
2324,1
2325,1
2326,0
2327,0
2328,0
2329,0
2330,0
2331,0
2332,0
2333,0
2334,0
2335,1
2336,0
2337,0
2338,0
2339,0
2340,0
2341,0
2342,0
2343,0
2344,1
2345,1
2346,1
2347,0
2348,0
2349,1
2350,0
2351,0
2352,0
2353,0
2354,0
2355,0
2356,0
2357,0
2358,0
2359,0
2360,0
2361,0
2362,0
2363,0
2364,0
2365,1
2366,0
2367,0
2368,0
2369,0
2370,0
2371,0
2372,1
2373,0
2374,0
2375,0
2376,0
2377,0
2378,0
2379,0
2380,0
2381,0
2382,0
2383,0
2384,1
2385,0
2386,0
2387,0
2388,0
2389,0
2390,0
2391,0
2392,0
2393,0
2394,1
2395,1
2396,0
2397,1
2398,0
2399,0
2400,0
2401,0
2402,0
2403,0
2404,0
2405,0
2406,0
2407,0
2408,0
2409,1
2410,0
2411,0
2412,0
2413,0
2414,0
2415,0
2416,0
2417,0
2418,0
2419,0
2420,0
2421,0
2422,0
2423,0
2424,0
2425,0
2426,1
2427,0
2428,0
2429,1
2430,0
2431,0
2432,1
2433,0
2434,0
2435,0
2436,0
2437,0
2438,1
2439,0
2440,1
2441,1
2442,0
2443,0
2444,0
2445,0
2446,0
2447,0
2448,0
2449,0
2450,0
2451,0
2452,0
2453,0
2454,0
2455,0
2456,0
2457,0
2458,0
2459,0
2460,0
2461,0
2462,1
2463,0
2464,0
2465,0
2466,0
2467,0
2468,0
2469,0
2470,1
2471,0
2472,0
2473,0
2474,1
2475,0
2476,0
2477,0
2478,0
2479,1
2480,0
2481,0
2482,0
2483,0
2484,0
2485,0
2486,0
2487,0
2488,0
2489,1
2490,0
2491,0
2492,0
2493,0
2494,0
2495,0
2496,1
2497,0
2498,0
2499,0
2500,0
2501,0
2502,0
2503,1
2504,0
2505,1
2506,1
2507,0
2508,0
2509,0
2510,0
2511,0
2512,0
2513,1
2514,0
2515,0
2516,0
2517,0
2518,0
2519,0
2520,0
2521,0
2522,0
2523,0
2524,0
2525,0
2526,0
2527,0
2528,0
2529,1
2530,0
2531,0
2532,0
2533,0
2534,0
2535,0
2536,0
2537,1
2538,0
2539,0
2540,0
2541,0
2542,0
2543,0
2544,0
2545,0
2546,0
2547,0
2548,1
2549,0
2550,0
2551,0
2552,0
2553,0
2554,0
2555,0
2556,0
2557,0
2558,1
2559,0
2560,1
2561,0
2562,1
2563,0
2564,0
2565,0
2566,0
2567,0
2568,0
2569,1
2570,0
2571,1
2572,1
2573,0
2574,0
2575,0
2576,0
2577,0
2578,1
2579,0
2580,0
2581,0
2582,0
2583,0
2584,0
2585,0
2586,0
2587,0
2588,0
2589,0
2590,0
2591,0
2592,1
2593,1
2594,1
2595,0
2596,0
2597,0
2598,0
2599,0
2600,0
2601,0
2602,0
2603,0
2604,0
2605,0
2606,0
2607,0
2608,0
2609,0
2610,1
2611,0
2612,0
2613,0
2614,0
2615,0
2616,0
2617,1
2618,0
2619,1
2620,0
2621,0
2622,0
2623,0
2624,0
2625,0
2626,0
2627,1
2628,0
2629,0
2630,0
2631,1
2632,0
2633,0
2634,1
2635,0
2636,0
2637,0
2638,0
2639,1
2640,0
2641,0
2642,0
2643,0
2644,0
2645,0
2646,0
2647,0
2648,0
2649,0
2650,0
2651,0
2652,1
2653,0
2654,1
2655,0
2656,0
2657,1
2658,0
2659,0
2660,0
2661,0
2662,0
2663,0
2664,0
2665,1
2666,0
2667,0
2668,0
2669,0
2670,0
2671,0
2672,0
2673,0
2674,0
2675,0
2676,0
2677,1
2678,0
2679,0
2680,0
2681,0
2682,0
2683,0
2684,0
2685,0
2686,0
2687,0
2688,1
2689,1
2690,0
2691,0
2692,1
2693,0
2694,0
2695,0
2696,0
2697,0
2698,0
2699,1
2700,0
2701,0
2702,1
2703,0
2704,0
2705,0
2706,0
2707,1
2708,0
2709,0
2710,0
2711,0
2712,0
2713,1
2714,0
2715,0
2716,0
2717,0
2718,0
2719,0
2720,1
2721,0
2722,0
2723,1
2724,0
2725,0
2726,0
2727,0
2728,0
2729,0
2730,0
2731,0
2732,0
2733,0
2734,0
2735,0
2736,0
2737,1
2738,0
2739,0
2740,0
2741,0
2742,0
2743,0
2744,0
2745,0
2746,0
2747,0
2748,0
2749,0
2750,1
2751,0
2752,0
2753,0
2754,0
2755,0
2756,0
2757,0
2758,0
2759,0
2760,0
2761,0
2762,0
2763,0
2764,0
2765,0
2766,0
2767,0
2768,0
2769,1
2770,1
2771,0
2772,0
2773,0
2774,0
2775,0
2776,0
2777,0
2778,1
2779,0
2780,1
2781,0
2782,0
2783,0
2784,0
2785,0
2786,0
2787,0
2788,0
2789,1
2790,0
2791,0
2792,0
2793,0
2794,0
2795,1
2796,0
2797,0
2798,1
2799,0
2800,0
2801,1
2802,0
2803,1
2804,0
2805,0
2806,0
2807,0
2808,0
2809,0
2810,0
2811,0
2812,0
2813,0
2814,0
2815,1
2816,0
2817,0
2818,0
2819,0
2820,0
2821,0
2822,0
2823,0
2824,0
2825,1
2826,1
2827,0
2828,0
2829,0
2830,0
2831,0
2832,0
2833,1
2834,0
2835,0
2836,0
2837,0
2838,0
2839,0
2840,0
2841,0
2842,0
2843,0
2844,0
2845,0
2846,1
2847,0
2848,1
2849,0
2850,0
2851,0
2852,0
2853,0
2854,0
2855,0
2856,0
2857,1
2858,0
2859,0
2860,0
2861,0
2862,0
2863,0
2864,0
2865,0
2866,0
2867,0
2868,1
2869,0
2870,1
2871,0
2872,0
2873,1
2874,0
2875,0
2876,0
2877,0
2878,0
2879,0
2880,1
2881,0
2882,0
2883,0
2884,0
2885,1
2886,0
2887,0
2888,0
2889,0
2890,1
2891,1
2892,0
2893,1
2894,0
2895,0
2896,1
2897,0
2898,0
2899,0
2900,0
2901,0
2902,0
2903,0
2904,0
2905,0
2906,1
2907,0
2908,1
2909,1
2910,0
2911,0
2912,0
2913,0
2914,0
2915,0
2916,0
2917,0
2918,1
2919,0
2920,0
2921,0
2922,0
2923,0
2924,0
2925,0
2926,0
2927,0
2928,0
2929,0
2930,0
2931,0
2932,0
2933,0
2934,0
2935,0
2936,0
2937,0
2938,0
2939,0
2940,0
2941,0
2942,0
2943,0
2944,0
2945,0
2946,0
2947,0
2948,0
2949,0
2950,0
2951,0
2952,0
2953,0
2954,0
2955,0
2956,1
2957,0
2958,0
2959,1
2960,0
2961,0
2962,0
2963,0
2964,0
2965,0
2966,0
2967,0
2968,0
2969,0
2970,0
2971,1
2972,0
2973,1
2974,1
2975,0
2976,0
2977,0
2978,0
2979,0
2980,0
2981,0
2982,0
2983,0
2984,0
2985,1
2986,1
2987,0
2988,0
2989,0
2990,0
2991,0
2992,0
2993,0
2994,0
2995,0
2996,1
2997,0
2998,0
2999,0
3000,0
3001,0
3002,0
3003,1
3004,0
3005,0
3006,0
3007,0
3008,0
3009,1
3010,0
3011,1
3012,0
3013,0
3014,0
3015,0
3016,0
3017,0
3018,0
3019,0
3020,0
3021,0
3022,1
3023,1
3024,0
3025,0
3026,0
3027,0
3028,0
3029,0
3030,0
3031,0
3032,0
3033,0
3034,1
3035,0
3036,1
3037,1
3038,0
3039,1
3040,0
3041,1
3042,0
3043,0
3044,1
3045,0
3046,0
3047,0
3048,0
3049,0
3050,0
3051,0
3052,0
3053,1
3054,0
3055,0
3056,0
3057,0
3058,0
3059,0
3060,0
3061,0
3062,0
3063,0
3064,1
3065,0
3066,0
3067,0
3068,0
3069,0
3070,0
3071,1
3072,0
3073,1
3074,0
3075,1
3076,0
3077,0
3078,0
3079,0
3080,0
3081,0
3082,0
3083,0
3084,0
3085,0
3086,1
3087,0
3088,1
3089,0
3090,0
3091,0
3092,0
3093,1
3094,0
3095,0
3096,0
3097,0
3098,0
3099,0
3100,0
3101,0
3102,1
3103,0
3104,1
3105,0
3106,0
3107,1
3108,1
3109,0
3110,0
3111,0
3112,0
3113,1
3114,0
3115,0
3116,0
3117,0
3118,0
3119,0
3120,1
3121,0
3122,0
3123,0
3124,0
3125,0
3126,0
3127,0
3128,0
3129,0
3130,1
3131,1
3132,0
3133,0
3134,0
3135,1
3136,1
3137,0
3138,1
3139,1
3140,1
3141,0
3142,1
3143,0
3144,0
3145,0
3146,1
3147,1
3148,0
3149,0
3150,0
3151,0
3152,0
3153,0
3154,0
3155,0
3156,0
3157,0
3158,1
3159,1
3160,0
3161,0
3162,0
3163,0
3164,0
3165,1
3166,1
3167,1
3168,0
3169,0
3170,0
3171,0
3172,0
3173,0
3174,0
3175,0
3176,0
3177,0
3178,0
3179,0
3180,0
3181,0
3182,0
3183,0
3184,0
3185,0
3186,0
3187,0
3188,0
3189,0
3190,0
3191,0
3192,0
3193,1
3194,0
3195,0
3196,0
3197,0
3198,0
3199,0
3200,0
3201,0
3202,0
3203,0
3204,0
3205,0
3206,0
3207,0
3208,0
3209,0
3210,0
3211,0
3212,0
3213,1
3214,0
3215,0
3216,0
3217,0
3218,0
3219,1
3220,1
3221,0
3222,1
3223,0
3224,0
3225,0
3226,0
3227,0
3228,0
3229,0
3230,0
3231,0
3232,0
3233,1
3234,0
3235,0
3236,0
3237,0
3238,1
3239,0
3240,0
3241,0
3242,0
3243,0
3244,1
3245,0
3246,0
3247,0
3248,0
3249,1
3250,0
3251,0
3252,0
3253,0
3254,0
3255,0
3256,0
3257,0
3258,1
3259,0
3260,0
3261,0
3262,0
3263,0
3264,0
3265,0
3266,0
3267,0
3268,0
3269,0
3270,0
3271,1
3272,0
3273,0
3274,0
3275,1
3276,1
3277,0
3278,0
3279,0
3280,0
3281,1
3282,0
3283,0
3284,0
3285,1
3286,0
3287,0
3288,1
3289,0
3290,0
3291,0
3292,0
3293,0
3294,0
3295,0
3296,1
3297,0
3298,0
3299,0
3300,0
3301,0
3302,0
3303,0
3304,0
3305,1
3306,0
3307,1
3308,0
3309,0
3310,1
3311,0
3312,0
3313,0
3314,0
3315,0
3316,0
3317,1
3318,0
3319,0
3320,0
3321,1
3322,1
3323,0
3324,0
3325,0
3326,0
3327,0
3328,0
3329,0
3330,0
3331,0
3332,0
3333,0
3334,0
3335,0
3336,0
3337,0
3338,0
3339,0
3340,0
3341,0
3342,0
3343,0
3344,0
3345,0
3346,0
3347,0
3348,0
3349,0
3350,1
3351,0
3352,0
3353,0
3354,0
3355,0
3356,0
3357,0
3358,1
3359,0
3360,0
3361,0
3362,0
3363,0
3364,0
3365,1
3366,0
3367,0
3368,1
3369,0
3370,1
3371,0
3372,0
3373,0
3374,0
3375,0
3376,0
3377,0
3378,1
3379,0
3380,0
3381,1
3382,0
3383,0
3384,0
3385,0
3386,0
3387,0
3388,0
3389,0
3390,0
3391,1
3392,0
3393,0
3394,0
3395,0
3396,0
3397,0
3398,0
3399,0
3400,0
3401,0
3402,1
3403,0
3404,0
3405,0
3406,1
3407,1
3408,0
3409,0
3410,0
3411,1
3412,1
3413,0
3414,0
3415,0
3416,0
3417,0
3418,0
3419,0
3420,0
3421,0
3422,0
3423,0
3424,0
3425,0
3426,0
3427,0
3428,0
3429,0
3430,1
3431,0
3432,0
3433,1
3434,0
3435,0
3436,0
3437,0
3438,0
3439,0
3440,0
3441,0
3442,0
3443,0
3444,0
3445,0
3446,0
3447,0
3448,0
3449,0
3450,0
3451,0
3452,0
3453,0
3454,0
3455,1
3456,0
3457,0
3458,0
3459,0
3460,1
3461,1
3462,0
3463,0
3464,0
3465,0
3466,1
3467,0
3468,0
3469,0
3470,0
3471,1
3472,0
3473,1
3474,1
3475,0
3476,0
3477,0
3478,0
3479,1
3480,0
3481,0
3482,0
3483,0
3484,0
3485,0
3486,0
3487,0
3488,1
3489,0
3490,0
3491,0
3492,1
3493,0
3494,0
3495,0
3496,0
3497,1
3498,1
3499,0
3500,0
3501,0
3502,1
3503,0
3504,0
3505,0
3506,0
3507,0
3508,0
3509,1
3510,0
3511,0
3512,0
3513,1
3514,0
3515,0
3516,0
3517,0
3518,0
3519,1
3520,0
3521,0
3522,0
3523,0
3524,0
3525,0
3526,0
3527,0
3528,0
3529,0
3530,1
3531,0
3532,0
3533,0
3534,0
3535,1
3536,1
3537,0
3538,0
3539,1
3540,0
3541,0
3542,1
3543,0
3544,0
3545,0
3546,0
3547,0
3548,0
3549,0
3550,0
3551,0
3552,0
3553,0
3554,0
3555,1
3556,1
3557,1
3558,0
3559,0
3560,0
3561,1
3562,0
3563,0
3564,0
3565,0
3566,0
3567,0
3568,0
3569,1
3570,0
3571,0
3572,0
3573,0
3574,1
3575,0
3576,1
3577,0
3578,1
3579,0
3580,0
3581,0
3582,0
3583,1
3584,0
3585,0
3586,0
3587,0
3588,0
3589,0
3590,0
3591,0
3592,0
3593,0
3594,0
3595,0
3596,0
3597,0
3598,0
3599,0
3600,0
3601,0
3602,0
3603,1
3604,1
3605,0
3606,0
3607,0
3608,0
3609,0
3610,0
3611,1
3612,0
3613,0
3614,0
3615,0
3616,0
3617,0
3618,0
3619,0
3620,0
3621,0
3622,0
3623,0
3624,0
3625,0
3626,0
3627,0
3628,0
3629,0
3630,0
3631,0
3632,0
3633,0
3634,0
3635,0
3636,0
3637,0
3638,0
3639,0
3640,0
3641,0
3642,0
3643,0
3644,0
3645,0
3646,0
3647,1
3648,0
3649,0
3650,0
3651,0
3652,0
3653,0
3654,0
3655,0
3656,0
3657,0
3658,0
3659,1
3660,0
3661,0
3662,0
3663,0
3664,0
3665,0
3666,0
3667,0
3668,0
3669,0
3670,0
3671,0
3672,0
3673,0
3674,0
3675,0
3676,0
3677,1
3678,0
3679,0
3680,0
3681,0
3682,0
3683,0
3684,0
3685,0
3686,1
3687,0
3688,0
3689,0
3690,0
3691,1
3692,0
3693,0
3694,0
3695,0
3696,0
3697,0
3698,0
3699,0
3700,0
3701,0
3702,1
3703,0
3704,1
3705,0
3706,1
3707,0
3708,0
3709,0
3710,0
3711,0
3712,0
3713,1
3714,0
3715,0
3716,0
3717,0
3718,0
3719,0
3720,0
3721,0
3722,0
3723,0
3724,0
3725,0
3726,0
3727,0
3728,0
3729,0
3730,0
3731,0
3732,0
3733,0
3734,1
3735,0
3736,0
3737,1
3738,1
3739,0
3740,0
3741,0
3742,0
3743,0
3744,0
3745,0
3746,0
3747,0
3748,0
3749,0
3750,0
3751,0
3752,0
3753,0
3754,0
3755,0
3756,0
3757,0
3758,0
3759,0
3760,0
3761,1
3762,0
3763,0
3764,0
3765,0
3766,0
3767,0
3768,0
3769,1
3770,0
3771,0
3772,0
3773,1
3774,0
3775,0
3776,0
3777,0
3778,0
3779,0
3780,0
3781,0
3782,0
3783,0
3784,0
3785,0
3786,0
3787,1
3788,0
3789,0
3790,0
3791,1
3792,1
3793,1
3794,0
3795,0
3796,0
3797,0
3798,0
3799,0
3800,0
3801,0
3802,0
3803,0
3804,1
3805,0
3806,0
3807,0
3808,0
3809,0
3810,0
3811,0
3812,0
3813,0
3814,1
3815,0
3816,0
3817,0
3818,0
3819,0
3820,1
3821,0
3822,0
3823,0
3824,0
3825,0
3826,0
3827,0
3828,1
3829,0
3830,1
3831,0
3832,0
3833,0
3834,0
3835,0
3836,0
3837,0
3838,0
3839,0
3840,0
3841,0
3842,0
3843,0
3844,0
3845,0
3846,0
3847,0
3848,0
3849,0
3850,0
3851,0
3852,0
3853,0
3854,0
3855,0
3856,1
3857,0
3858,0
3859,0
3860,0
3861,0
3862,0
3863,0
3864,0
3865,0
3866,0
3867,1
3868,1
3869,0
3870,0
3871,0
3872,0
3873,0
3874,0
3875,0
3876,0
3877,1
3878,0
3879,0
3880,0
3881,0
3882,0
3883,0
3884,0
3885,0
3886,0
3887,1
3888,0
3889,0
3890,0
3891,1
3892,0
3893,0
3894,0
3895,1
3896,1
3897,0
3898,0
3899,0
3900,0
3901,0
3902,0
3903,0
3904,0
3905,0
3906,0
3907,0
3908,1
3909,1
3910,1
3911,0
3912,0
3913,1
3914,1
3915,0
3916,1
3917,0
3918,0
3919,0
3920,0
3921,0
3922,0
3923,0
3924,0
3925,0
3926,0
3927,0
3928,0
3929,1
3930,0
3931,1
3932,1
3933,0
3934,1
3935,0
3936,0
3937,0
3938,0
3939,0
3940,0
3941,1
3942,0
3943,0
3944,0
3945,0
3946,1
3947,0
3948,0
3949,0
3950,1
3951,0
3952,0
3953,0
3954,1
3955,0
3956,0
3957,0
3958,0
3959,0
3960,1
3961,0
3962,0
3963,0
3964,0
3965,0
3966,0
3967,1
3968,0
3969,0
3970,0
3971,0
3972,0
3973,0
3974,0
3975,0
3976,0
3977,1
3978,0
3979,0
3980,0
3981,0
3982,0
3983,0
3984,0
3985,0
3986,0
3987,0
3988,0
3989,0
3990,0
3991,0
3992,1
3993,0
3994,0
3995,1
3996,0
3997,0
3998,0
3999,1
4000,1
4001,0
4002,0
4003,0
4004,0
4005,0
4006,0
4007,0
4008,0
4009,1
4010,0
4011,0
4012,0
4013,0
4014,0
4015,0
4016,0
4017,0
4018,0
4019,0
4020,0
4021,0
4022,0
4023,1
4024,1
4025,0
4026,0
4027,0
4028,0
4029,0
4030,0
4031,0
4032,0
4033,0
4034,0
4035,0
4036,0
4037,0
4038,1
4039,0
4040,0
4041,1
4042,0
4043,0
4044,0
4045,0
4046,0
4047,0
4048,0
4049,0
4050,0
4051,0
4052,0
4053,0
4054,0
4055,0
4056,0
4057,0
4058,0
4059,1
4060,1
4061,0
4062,0
4063,1
4064,0
4065,0
4066,0
4067,0
4068,0
4069,1
4070,0
4071,0
4072,0
4073,0
4074,0
4075,0
4076,0
4077,0
4078,0
4079,1
4080,0
4081,0
4082,1
4083,0
4084,0
4085,0
4086,0
4087,0
4088,0
4089,0
4090,0
4091,0
4092,0
4093,0
4094,0
4095,1
4096,0
4097,0
4098,0
4099,0
4100,0
4101,0
4102,0
4103,0
4104,0
4105,0
4106,0
4107,0
4108,0
4109,0
4110,0
4111,0
4112,0
4113,0
4114,0
4115,1
4116,0
4117,0
4118,0
4119,0
4120,1
4121,1
4122,0
4123,1
4124,0
4125,0
4126,0
4127,0
4128,0
4129,0
4130,1
4131,0
4132,1
4133,0
4134,0
4135,1
4136,0
4137,0
4138,0
4139,0
4140,0
4141,0
4142,0
4143,0
4144,0
4145,0
4146,0
4147,0
4148,0
4149,0
4150,0
4151,0
4152,0
4153,0
4154,0
4155,0
4156,0
4157,0
4158,0
4159,0
4160,0
4161,0
4162,0
4163,0
4164,0
4165,0
4166,0
4167,0
4168,0
4169,1
4170,0
4171,0
4172,0
4173,0
4174,0
4175,0
4176,0
4177,0
4178,1
4179,1
4180,0
4181,0
4182,0
4183,1
4184,1
4185,0
4186,0
4187,0
4188,0
4189,0
4190,1
4191,0
4192,0
4193,0
4194,0
4195,0
4196,0
4197,0
4198,0
4199,0
4200,1
4201,0
4202,0
4203,0
4204,0
4205,0
4206,0
4207,0
4208,0
4209,0
4210,0
4211,0
4212,0
4213,0
4214,0
4215,0
4216,0
4217,0
4218,0
4219,0
4220,1
4221,0
4222,1
4223,0
4224,0
4225,0
4226,0
4227,0
4228,0
4229,0
4230,0
4231,0
4232,0
4233,0
4234,0
4235,0
4236,0
4237,1
4238,0
4239,1
4240,1
4241,0
4242,0
4243,0
4244,0
4245,1
4246,0
4247,0
4248,0
4249,0
4250,0
4251,0
4252,0
4253,1
4254,0
4255,0
4256,0
4257,0
4258,0
4259,0
4260,0
4261,0
4262,0
4263,0
4264,0
4265,0
4266,0
4267,0
4268,0
4269,0
4270,0
4271,0
4272,0
4273,1
4274,0
4275,0
4276,0
4277,0
4278,0
4279,0
4280,0
4281,0
4282,0
4283,0
4284,0
4285,0
4286,0
4287,0
4288,0
4289,0
4290,0
4291,0
4292,0
4293,0
4294,0
4295,0
4296,0
4297,0
4298,0
4299,0
4300,0
4301,0
4302,1
4303,0
4304,1
4305,1
4306,0
4307,0
4308,0
4309,0
4310,0
4311,0
4312,0
4313,1
4314,1
4315,0
4316,0
4317,0
4318,1
4319,0
4320,1
4321,0
4322,0
4323,0
4324,1
4325,0
4326,0
4327,1
4328,0
4329,0
4330,1
4331,0
4332,0
4333,0
4334,0
4335,0
4336,0
4337,0
4338,0
4339,0
4340,1
4341,0
4342,0
4343,1
4344,0
4345,0
4346,0
4347,0
4348,1
4349,0
4350,0
4351,0
4352,0
4353,0
4354,0
4355,0
4356,0
4357,0
4358,0
4359,1
4360,0
4361,0
4362,0
4363,1
4364,1
4365,1
4366,1
4367,0
4368,0
4369,0
4370,0
4371,1
4372,0
4373,0
4374,0
4375,0
4376,0
4377,0
4378,0
4379,0
4380,0
4381,0
4382,0
4383,0
4384,0
4385,0
4386,0
4387,1
4388,1
4389,1
4390,0
4391,0
4392,1
4393,0
4394,0
4395,0
4396,0
4397,0
4398,0
4399,0
4400,1
4401,0
4402,1
4403,0
4404,0
4405,0
4406,1
4407,0
4408,0
4409,0
4410,0
4411,0
4412,0
4413,0
4414,0
4415,0
4416,0
4417,0
4418,0
4419,1
4420,0
4421,0
4422,1
4423,0
4424,0
4425,0
4426,0
4427,1
4428,0
4429,0
4430,1
4431,0
4432,0
4433,1
4434,0
4435,0
4436,1
4437,1
4438,0
4439,0
4440,0
4441,0
4442,0
4443,1
4444,0
4445,0
4446,0
4447,0
4448,1
4449,1
4450,0
4451,0
4452,1
4453,0
4454,0
4455,0
4456,0
4457,0
4458,0
4459,0
4460,0
4461,0
4462,0
4463,0
4464,0
4465,1
4466,0
4467,1
4468,0
4469,0
4470,0
4471,1
4472,0
4473,0
4474,0
4475,0
4476,1
4477,0
4478,0
4479,1
4480,0
4481,0
4482,0
4483,0
4484,0
4485,0
4486,0
4487,0
4488,0
4489,1
4490,0
4491,0
4492,1
4493,0
4494,0
4495,0
4496,0
4497,0
4498,0
4499,0
4500,0
4501,0
4502,0
4503,1
4504,1
4505,0
4506,0
4507,0
4508,0
4509,0
4510,0
4511,0
4512,1
4513,0
4514,1
4515,0
4516,0
4517,1
4518,0
4519,0
4520,0
4521,0
4522,0
4523,0
4524,0
4525,0
4526,0
4527,0
4528,0
4529,0
4530,0
4531,1
4532,0
4533,1
4534,0
4535,0
4536,1
4537,0
4538,0
4539,0
4540,0
4541,1
4542,1
4543,0
4544,0
4545,0
4546,0
4547,0
4548,1
4549,0
4550,0
4551,0
4552,0
4553,0
4554,0
4555,0
4556,0
4557,0
4558,0
4559,0
4560,0
4561,0
4562,0
4563,0
4564,0
4565,0
4566,0
4567,0
4568,0
4569,0
4570,0
4571,1
4572,0
4573,0
4574,0
4575,0
4576,0
4577,0
4578,0
4579,0
4580,0
4581,0
4582,0
4583,1
4584,0
4585,0
4586,0
4587,0
4588,0
4589,0
4590,1
4591,0
4592,1
4593,0
4594,1
4595,1
4596,0
4597,0
4598,0
4599,1
4600,0
4601,0
4602,0
4603,0
4604,0
4605,0
4606,0
4607,0
4608,1
4609,0
4610,0
4611,0
4612,1
4613,0
4614,0
4615,0
4616,0
4617,0
4618,0
4619,1
4620,0
4621,1
4622,0
4623,1
4624,0
4625,1
4626,0
4627,1
4628,0
4629,0
4630,0
4631,1
4632,0
4633,0
4634,0
4635,0
4636,0
4637,0
4638,0
4639,0
4640,0
4641,1
4642,0
4643,0
4644,0
4645,1
4646,0
4647,0
4648,0
4649,0
4650,0
4651,0
4652,1
4653,0
4654,0
4655,0
4656,1
4657,0
4658,0
4659,0
4660,0
4661,0
4662,0
4663,1
4664,0
4665,0
4666,0
4667,0
4668,0
4669,0
4670,0
4671,0
4672,0
4673,0
4674,1
4675,0
4676,0
4677,0
4678,0
4679,0
4680,0
4681,1
4682,0
4683,0
4684,0
4685,0
4686,0
4687,0
4688,0
4689,0
4690,0
4691,0
4692,0
4693,0
4694,0
4695,0
4696,0
4697,0
4698,1
4699,0
4700,0
4701,0
4702,0
4703,0
4704,0
4705,1
4706,0
4707,0
4708,0
4709,0
4710,0
4711,0
4712,1
4713,0
4714,0
4715,0
4716,0
4717,0
4718,0
4719,0
4720,0
4721,0
4722,0
4723,0
4724,0
4725,0
4726,0
4727,1
4728,0
4729,1
4730,0
4731,0
4732,0
4733,0
4734,0
4735,0
4736,0
4737,0
4738,0
4739,0
4740,1
4741,0
4742,0
4743,0
4744,0
4745,1
4746,0
4747,0
4748,0
4749,0
4750,0
4751,0
4752,0
4753,1
4754,1
4755,0
4756,0
4757,0
4758,0
4759,1
4760,0
4761,0
4762,0
4763,0
4764,0
4765,0
4766,0
4767,0
4768,0
4769,0
4770,0
4771,0
4772,0
4773,0
4774,0
4775,0
4776,0
4777,0
4778,0
4779,0
4780,0
4781,0
4782,0
4783,0
4784,0
4785,0
4786,0
4787,1
4788,1
4789,0
4790,0
4791,0
4792,0
4793,0
4794,0
4795,1
4796,0
4797,0
4798,0
4799,1
4800,0
4801,1
4802,0
4803,1
4804,1
4805,0
4806,0
4807,1
4808,0
4809,1
4810,0
4811,0
4812,0
4813,0
4814,0
4815,1
4816,0
4817,0
4818,0
4819,0
4820,0
4821,0
4822,0
4823,0
4824,0
4825,0
4826,0
4827,0
4828,1
4829,0
4830,0
4831,1
4832,0
4833,0
4834,1
4835,0
4836,1
4837,0
4838,0
4839,0
4840,0
4841,0
4842,1
4843,0
4844,0
4845,0
4846,0
4847,0
4848,0
4849,0
4850,1
4851,0
4852,1
4853,0
4854,1
4855,1
4856,0
4857,0
4858,0
4859,0
4860,0
4861,0
4862,0
4863,0
4864,0
4865,1
4866,0
4867,0
4868,0
4869,0
4870,0
4871,0
4872,0
4873,1
4874,0
4875,0
4876,0
4877,0
4878,0
4879,0
4880,0
4881,0
4882,1
4883,1
4884,0
4885,0
4886,0
4887,0
4888,0
4889,0
4890,0
4891,0
4892,0
4893,0
4894,0
4895,0
4896,0
4897,0
4898,1
4899,0
4900,0
4901,0
4902,0
4903,0
4904,1
4905,0
4906,1
4907,0
4908,0
4909,1
4910,0
4911,0
4912,0
4913,0
4914,0
4915,0
4916,0
4917,1
4918,0
4919,0
4920,0
4921,0
4922,0
4923,0
4924,0
4925,0
4926,1
4927,1
4928,0
4929,0
4930,0
4931,0
4932,0
4933,1
4934,0
4935,0
4936,0
4937,0
4938,1
4939,0
4940,0
4941,1
4942,0
4943,0
4944,0
4945,0
4946,0
4947,0
4948,0
4949,0
4950,0
4951,0
4952,0
4953,1
4954,0
4955,0
4956,1
4957,1
4958,0
4959,0
4960,0
4961,0
4962,0
4963,0
4964,0
4965,0
4966,0
4967,0
4968,0
4969,0
4970,0
4971,0
4972,1
4973,0
4974,0
4975,0
4976,1
4977,0
4978,0
4979,0
4980,0
4981,0
4982,0
4983,1
4984,0
4985,0
4986,0
4987,0
4988,0
4989,0
4990,0
4991,0
4992,0
4993,0
4994,0
4995,0
4996,1
4997,0
4998,1
4999,0
5000,0
5001,0
5002,0
5003,1
5004,1
5005,0
5006,0
5007,0
5008,0
5009,1
5010,0
5011,0
5012,1
5013,1
5014,1
5015,0
5016,0
5017,0
5018,0
5019,0
5020,0
5021,0
5022,0
5023,0
5024,1
5025,0
5026,0
5027,0
5028,0
5029,0
5030,0
5031,0
5032,1
5033,1
5034,0
5035,0
5036,1
5037,1
5038,0
5039,0
5040,0
5041,0
5042,0
5043,0
5044,0
5045,0
5046,1
5047,1
5048,0
5049,0
5050,0
5051,0
5052,0
5053,1
5054,0
5055,0
5056,1
5057,1
5058,1
5059,0
5060,0
5061,0
5062,0
5063,0
5064,0
5065,0
5066,0
5067,0
5068,0
5069,0
5070,0
5071,0
5072,0
5073,0
5074,1
5075,0
5076,0
5077,0
5078,0
5079,0
5080,0
5081,0
5082,1
5083,1
5084,1
5085,0
5086,1
5087,0
5088,0
5089,0
5090,0
5091,0
5092,0
5093,0
5094,0
5095,0
5096,0
5097,0
5098,0
5099,0
5100,0
5101,1
5102,1
5103,0
5104,1
5105,0
5106,0
5107,1
5108,0
5109,0
5110,0
5111,1
5112,0
5113,0
5114,0
5115,0
5116,0
5117,0
5118,0
5119,1
5120,1
5121,1
5122,0
5123,0
5124,0
5125,1
5126,0
5127,0
5128,0
5129,0
5130,0
5131,0
5132,0
5133,0
5134,1
5135,0
5136,0
5137,0
5138,0
5139,0
5140,0
5141,0
5142,0
5143,0
5144,0
5145,0
5146,0
5147,0
5148,0
5149,0
5150,0
5151,1
5152,0
5153,0
5154,0
5155,0
5156,0
5157,0
5158,0
5159,0
5160,0
5161,0
5162,0
5163,0
5164,0
5165,1
5166,1
5167,0
5168,0
5169,1
5170,0
5171,0
5172,0
5173,0
5174,0
5175,0
5176,0
5177,0
5178,0
5179,0
5180,0
5181,0
5182,0
5183,0
5184,0
5185,0
5186,0
5187,0
5188,1
5189,0
5190,0
5191,0
5192,0
5193,0
5194,0
5195,0
5196,0
5197,0
5198,1
5199,0
5200,1
5201,0
5202,0
5203,0
5204,0
5205,0
5206,0
5207,0
5208,0
5209,0
5210,0
5211,0
5212,0
5213,0
5214,0
5215,0
5216,0
5217,0
5218,0
5219,0
5220,0
5221,1
5222,0
5223,0
5224,0
5225,0
5226,0
5227,0
5228,1
5229,0
5230,0
5231,1
5232,0
5233,0
5234,0
5235,0
5236,1
5237,0
5238,0
5239,0
5240,0
5241,0
5242,0
5243,0
5244,1
5245,0
5246,0
5247,0
5248,0
5249,0
5250,0
5251,0
5252,0
5253,1
5254,0
5255,0
5256,0
5257,1
5258,1
5259,0
5260,0
5261,0
5262,1
5263,0
5264,0
5265,0
5266,0
5267,1
5268,0
5269,0
5270,0
5271,1
5272,0
5273,0
5274,0
5275,1
5276,0
5277,0
5278,1
5279,0
5280,0
5281,0
5282,0
5283,0
5284,0
5285,0
5286,0
5287,1
5288,0
5289,0
5290,0
5291,0
5292,0
5293,0
5294,0
5295,0
5296,1
5297,0
5298,0
5299,0
5300,0
5301,0
5302,1
5303,0
5304,1
5305,1
5306,0
5307,0
5308,1
5309,1
5310,0
5311,0
5312,0
5313,0
5314,0
5315,0
5316,0
5317,0
5318,0
5319,0
5320,0
5321,0
5322,0
5323,0
5324,0
5325,0
5326,0
5327,0
5328,0
5329,0
5330,0
5331,0
5332,0
5333,0
5334,0
5335,0
5336,0
5337,0
5338,1
5339,0
5340,0
5341,0
5342,0
5343,0
5344,0
5345,0
5346,0
5347,0
5348,1
5349,0
5350,0
5351,0
5352,0
5353,0
5354,0
5355,0
5356,0
5357,0
5358,1
5359,0
5360,0
5361,0
5362,0
5363,0
5364,1
5365,0
5366,0
5367,0
5368,1
5369,0
5370,1
5371,0
5372,1
5373,0
5374,0
5375,0
5376,0
5377,0
5378,0
5379,1
5380,1
5381,0
5382,0
5383,0
5384,0
5385,0
5386,0
5387,0
5388,0
5389,1
5390,1
5391,0
5392,0
5393,0
5394,1
5395,0
5396,0
5397,0
5398,0
5399,1
5400,0
5401,0
5402,0
5403,1
5404,0
5405,1
5406,0
5407,0
5408,0
5409,0
5410,0
5411,0
5412,0
5413,0
5414,1
5415,0
5416,0
5417,0
5418,0
5419,0
5420,0
5421,0
5422,0
5423,0
5424,0
5425,0
5426,0
5427,0
5428,0
5429,1
5430,0
5431,0
5432,0
5433,0
5434,0
5435,0
5436,1
5437,0
5438,0
5439,0
5440,0
5441,0
5442,0
5443,1
5444,0
5445,0
5446,0
5447,0
5448,0
5449,0
5450,0
5451,0
5452,0
5453,1
5454,0
5455,0
5456,0
5457,0
5458,0
5459,0
5460,0
5461,0
5462,1
5463,0
5464,0
5465,0
5466,0
5467,0
5468,0
5469,0
5470,0
5471,0
5472,0
5473,0
5474,0
5475,0
5476,0
5477,0
5478,0
5479,0
5480,1
5481,0
5482,1
5483,0
5484,0
5485,0
5486,0
5487,0
5488,0
5489,0
5490,0
5491,0
5492,0
5493,1
5494,1
5495,0
5496,0
5497,0
5498,0
5499,0
5500,0
5501,0
5502,0
5503,0
5504,0
5505,0
5506,0
5507,0
5508,0
5509,0
5510,0
5511,0
5512,0
5513,0
5514,0
5515,0
5516,1
5517,0
5518,0
5519,0
5520,1
5521,0
5522,1
5523,0
5524,0
5525,0
5526,0
5527,1
5528,1
5529,1
5530,0
5531,0
5532,0
5533,0
5534,0
5535,0
5536,0
5537,0
5538,0
5539,0
5540,1
5541,0
5542,0
5543,0
5544,0
5545,1
5546,0
5547,0
5548,0
5549,0
5550,0
5551,0
5552,0
5553,0
5554,0
5555,0
5556,1
5557,0
5558,0
5559,0
5560,0
5561,0
5562,0
5563,1
5564,0
5565,0
5566,1
5567,0
5568,0
5569,0
5570,0
5571,0
5572,0
5573,0
5574,0
5575,0
5576,0
5577,0
5578,0
5579,0
5580,0
5581,1
5582,1
5583,0
5584,0
5585,1
5586,0
5587,0
5588,0
5589,1
5590,0
5591,0
5592,0
5593,0
5594,0
5595,1
5596,0
5597,0
5598,0
5599,0
5600,1
5601,0
5602,0
5603,0
5604,0
5605,0
5606,0
5607,0
5608,0
5609,1
5610,0
5611,0
5612,0
5613,0
5614,0
5615,0
5616,0
5617,0
5618,1
5619,0
5620,0
5621,0
5622,0
5623,0
5624,0
5625,0
5626,0
5627,0
5628,0
5629,0
5630,0
5631,0
5632,0
5633,0
5634,0
5635,0
5636,0
5637,0
5638,0
5639,0
5640,0
5641,0
5642,0
5643,0
5644,0
5645,0
5646,0
5647,1
5648,0
5649,0
5650,0
5651,0
5652,0
5653,0
5654,0
5655,0
5656,0
5657,0
5658,0
5659,0
5660,1
5661,1
5662,0
5663,0
5664,0
5665,1
5666,0
5667,1
5668,0
5669,0
5670,0
5671,0
5672,0
5673,0
5674,0
5675,0
5676,0
5677,1
5678,0
5679,0
5680,1
5681,1
5682,0
5683,0
5684,0
5685,0
5686,0
5687,0
5688,0
5689,0
5690,0
5691,0
5692,0
5693,1
5694,0
5695,0
5696,0
5697,0
5698,0
5699,0
5700,0
5701,1
5702,0
5703,0
5704,0
5705,0
5706,1
5707,0
5708,0
5709,0
5710,1
5711,0
5712,0
5713,0
5714,0
5715,0
5716,0
5717,0
5718,0
5719,0
5720,1
5721,0
5722,1
5723,0
5724,0
5725,1
5726,0
5727,0
5728,0
5729,0
5730,1
5731,0
5732,0
5733,0
5734,0
5735,1
5736,0
5737,1
5738,0
5739,1
5740,0
5741,0
5742,0
5743,0
5744,0
5745,0
5746,0
5747,0
5748,1
5749,0
5750,0
5751,1
5752,0
5753,0
5754,0
5755,0
5756,0
5757,1
5758,0
5759,0
5760,1
5761,1
5762,0
5763,0
5764,0
5765,0
5766,0
5767,0
5768,1
5769,0
5770,0
5771,0
5772,0
5773,0
5774,0
5775,0
5776,0
5777,0
5778,1
5779,0
5780,0
5781,0
5782,0
5783,0
5784,0
5785,0
5786,1
5787,0
5788,0
5789,0
5790,0
5791,0
5792,0
5793,0
5794,0
5795,1
5796,0
5797,0
5798,0
5799,1
5800,0
5801,0
5802,0
5803,0
5804,0
5805,0
5806,0
5807,0
5808,0
5809,1
5810,0
5811,0
5812,1
5813,0
5814,1
5815,0
5816,0
5817,0
5818,0
5819,0
5820,0
5821,0
5822,0
5823,0
5824,0
5825,1
5826,0
5827,0
5828,0
5829,0
5830,0
5831,0
5832,1
5833,1
5834,0
5835,0
5836,0
5837,0
5838,0
5839,1
5840,0
5841,0
5842,0
5843,1
5844,0
5845,0
5846,1
5847,1
5848,1
5849,0
5850,0
5851,0
5852,0
5853,1
5854,0
5855,0
5856,0
5857,0
5858,0
5859,0
5860,0
5861,0
5862,0
5863,0
5864,0
5865,0
5866,0
5867,0
5868,0
5869,1
5870,0
5871,0
5872,0
5873,0
5874,0
5875,0
5876,1
5877,0
5878,0
5879,0
5880,0
5881,0
5882,0
5883,0
5884,0
5885,0
5886,1
5887,0
5888,0
5889,0
5890,0
5891,1
5892,0
5893,1
5894,0
5895,0
5896,0
5897,0
5898,0
5899,0
5900,0
5901,0
5902,0
5903,0
5904,0
5905,0
5906,0
5907,0
5908,0
5909,0
5910,0
5911,0
5912,0
5913,0
5914,0
5915,0
5916,1
5917,0
5918,0
5919,0
5920,0
5921,0
5922,0
5923,0
5924,0
5925,0
5926,0
5927,0
5928,1
5929,0
5930,1
5931,1
5932,0
5933,0
5934,0
5935,0
5936,0
5937,1
5938,0
5939,0
5940,0
5941,0
5942,1
5943,0
5944,0
5945,0
5946,0
5947,0
5948,0
5949,1
5950,0
5951,0
5952,1
5953,1
5954,0
5955,0
5956,1
5957,0
5958,0
5959,0
5960,0
5961,0
5962,0
5963,0
5964,0
5965,0
5966,0
5967,0
5968,0
5969,0
5970,0
5971,0
5972,0
5973,1
5974,1
5975,0
5976,1
5977,1
5978,0
5979,1
5980,0
5981,1
5982,0
5983,0
5984,1
5985,0
5986,0
5987,1
5988,0
5989,0
5990,0
5991,1
5992,0
5993,0
5994,0
5995,0
5996,0
5997,1
5998,0
5999,0
6000,0
6001,0
6002,0
6003,0
6004,0
6005,0
6006,0
6007,1
6008,0
6009,0
6010,0
6011,0
6012,0
6013,1
6014,0
6015,0
6016,0
6017,0
6018,0
6019,0
6020,0
6021,0
6022,0
6023,0
6024,0
6025,0
6026,0
6027,0
6028,0
6029,0
6030,1
6031,0
6032,0
6033,0
6034,0
6035,0
6036,0
6037,0
6038,0
6039,0
6040,0
6041,0
6042,1
6043,0
6044,0
6045,0
6046,1
6047,0
6048,0
6049,0
6050,0
6051,0
6052,0
6053,0
6054,0
6055,0
6056,0
6057,1
6058,0
6059,1
6060,0
6061,0
6062,0
6063,1
6064,0
6065,0
6066,1
6067,0
6068,0
6069,0
6070,1
6071,0
6072,0
6073,0
6074,0
6075,1
6076,0
6077,0
6078,0
6079,0
6080,0
6081,0
6082,0
6083,0
6084,0
6085,0
6086,0
6087,0
6088,1
6089,0
6090,0
6091,1
6092,0
6093,0
6094,0
6095,0
6096,0
6097,0
6098,1
6099,0
6100,1
6101,0
6102,0
6103,0
6104,0
6105,0
6106,1
6107,0
6108,0
6109,0
6110,0
6111,0
6112,0
6113,1
6114,1
6115,0
6116,1
6117,0
6118,0
6119,0
6120,1
6121,0
6122,0
6123,0
6124,0
6125,0
6126,0
6127,1
6128,0
6129,1
6130,1
6131,0
6132,0
6133,0
6134,0
6135,0
6136,0
6137,0
6138,1
6139,0
6140,1
6141,0
6142,0
6143,0
6144,0
6145,0
6146,0
6147,1
6148,0
6149,0
6150,0
6151,0
6152,0
6153,0
6154,0
6155,0
6156,0
6157,0
6158,0
6159,0
6160,0
6161,0
6162,0
6163,0
6164,0
6165,1
6166,0
6167,0
6168,0
6169,0
6170,0
6171,0
6172,0
6173,0
6174,0
6175,1
6176,1
6177,1
6178,0
6179,0
6180,0
6181,0
6182,0
6183,0
6184,0
6185,0
6186,0
6187,0
6188,0
6189,0
6190,0
6191,0
6192,1
6193,0
6194,0
6195,1
6196,0
6197,0
6198,1
6199,0
6200,0
6201,0
6202,0
6203,0
6204,0
6205,0
6206,0
6207,0
6208,0
6209,0
6210,0
6211,0
6212,0
6213,0
6214,0
6215,0
6216,1
6217,0
6218,0
6219,0
6220,0
6221,0
6222,0
6223,0
6224,0
6225,0
6226,0
6227,0
6228,0
6229,0
6230,0
6231,0
6232,1
6233,0
6234,0
6235,0
6236,0
6237,0
6238,0
6239,0
6240,0
6241,0
6242,0
6243,0
6244,0
6245,1
6246,0
6247,0
6248,0
6249,1
6250,0
6251,0
6252,0
6253,0
6254,0
6255,0
6256,1
6257,0
6258,0
6259,1
6260,0
6261,0
6262,0
6263,0
6264,1
6265,0
6266,0
6267,0
6268,0
6269,0
6270,0
6271,0
6272,0
6273,0
6274,0
6275,0
6276,0
6277,0
6278,0
6279,0
6280,1
6281,0
6282,1
6283,0
6284,0
6285,0
6286,0
6287,0
6288,0
6289,0
6290,0
6291,0
6292,0
6293,0
6294,0
6295,1
6296,1
6297,0
6298,0
6299,0
6300,0
6301,0
6302,0
6303,0
6304,0
6305,0
6306,0
6307,0
6308,0
6309,0
6310,0
6311,0
6312,0
6313,1
6314,0
6315,0
6316,0
6317,0
6318,0
6319,1
6320,0
6321,0
6322,0
6323,0
6324,0
6325,0
6326,0
6327,0
6328,0
6329,0
6330,0
6331,0
6332,0
6333,0
6334,0
6335,0
6336,0
6337,0
6338,0
6339,0
6340,0
6341,0
6342,0
6343,0
6344,0
6345,0
6346,0
6347,0
6348,0
6349,0
6350,1
6351,0
6352,0
6353,0
6354,1
6355,0
6356,0
6357,0
6358,0
6359,0
6360,0
6361,0
6362,1
6363,0
6364,0
6365,0
6366,1
6367,0
6368,0
6369,0
6370,0
6371,0
6372,0
6373,0
6374,0
6375,0
6376,0
6377,0
6378,0
6379,0
6380,1
6381,0
6382,0
6383,0
6384,1
6385,0
6386,0
6387,0
6388,0
6389,0
6390,1
6391,0
6392,0
6393,0
6394,0
6395,0
6396,0
6397,0
6398,0
6399,0
6400,0
6401,0
6402,0
6403,1
6404,0
6405,0
6406,0
6407,1
6408,0
6409,0
6410,0
6411,1
6412,0
6413,0
6414,1
6415,1
6416,0
6417,1
6418,0
6419,1
6420,0
6421,0
6422,1
6423,1
6424,1
6425,0
6426,0
6427,0
6428,0
6429,0
6430,0
6431,0
6432,0
6433,0
6434,0
6435,0
6436,0
6437,0
6438,0
6439,0
6440,0
6441,0
6442,1
6443,0
6444,0
6445,0
6446,0
6447,0
6448,0
6449,0
6450,0
6451,0
6452,0
6453,0
6454,0
6455,0
6456,0
6457,0
6458,0
6459,1
6460,0
6461,0
6462,1
6463,0
6464,1
6465,0
6466,1
6467,0
6468,0
6469,0
6470,0
6471,1
6472,0
6473,0
6474,0
6475,0
6476,0
6477,1
6478,0
6479,0
6480,0
6481,0
6482,0
6483,0
6484,0
6485,0
6486,0
6487,0
6488,0
6489,0
6490,0
6491,0
6492,0
6493,0
6494,0
6495,0
6496,0
6497,0
6498,0
6499,0
6500,0
6501,1
6502,0
6503,0
6504,0
6505,0
6506,0
6507,0
6508,0
6509,0
6510,0
6511,0
6512,0
6513,0
6514,0
6515,0
6516,0
6517,0
6518,0
6519,0
6520,1
6521,0
6522,0
6523,0
6524,0
6525,1
6526,1
6527,0
6528,0
6529,0
6530,0
6531,0
6532,0
6533,0
6534,0
6535,0
6536,0
6537,0
6538,1
6539,1
6540,0
6541,0
6542,0
6543,0
6544,0
6545,1
6546,0
6547,0
6548,0
6549,0
6550,0
6551,0
6552,0
6553,0
6554,1
6555,0
6556,0
6557,0
6558,0
6559,1
6560,0
6561,0
6562,0
6563,0
6564,0
6565,0
6566,0
6567,0
6568,0
6569,1
6570,0
6571,1
6572,1
6573,0
6574,0
6575,0
6576,0
6577,0
6578,1
6579,0
6580,0
6581,0
6582,0
6583,0
6584,0
6585,0
6586,1
6587,1
6588,0
6589,0
6590,0
6591,0
6592,1
6593,0
6594,0
6595,0
6596,1
6597,0
6598,0
6599,0
6600,0
6601,0
6602,0
6603,0
6604,0
6605,1
6606,1
6607,0
6608,1
6609,0
6610,0
6611,0
6612,0
6613,0
6614,1
6615,0
6616,0
6617,0
6618,0
6619,0
6620,0
6621,1
6622,0
6623,0
6624,0
6625,1
6626,0
6627,0
6628,1
6629,0
6630,0
6631,1
6632,0
6633,0
6634,0
6635,0
6636,0
6637,0
6638,0
6639,0
6640,0
6641,0
6642,0
6643,0
6644,0
6645,0
6646,1
6647,0
6648,0
6649,0
6650,0
6651,0
6652,1
6653,0
6654,0
6655,0
6656,1
6657,0
6658,0
6659,1
6660,0
6661,0
6662,0
6663,0
6664,0
6665,0
6666,0
6667,1
6668,0
6669,1
6670,1
6671,0
6672,1
6673,0
6674,0
6675,0
6676,0
6677,1
6678,0
6679,0
6680,0
6681,0
6682,0
6683,0
6684,0
6685,0
6686,0
6687,0
6688,0
6689,0
6690,0
6691,0
6692,0
6693,0
6694,1
6695,0
6696,1
6697,0
6698,1
6699,0
6700,0
6701,0
6702,0
6703,0
6704,0
6705,0
6706,0
6707,0
6708,0
6709,0
6710,0
6711,0
6712,0
6713,0
6714,0
6715,0
6716,0
6717,0
6718,0
6719,0
6720,0
6721,0
6722,0
6723,0
6724,0
6725,0
6726,0
6727,0
6728,1
6729,0
6730,0
6731,0
6732,0
6733,0
6734,0
6735,0
6736,0
6737,0
6738,0
6739,0
6740,0
6741,1
6742,0
6743,0
6744,1
6745,1
6746,0
6747,0
6748,0
6749,0
6750,0
6751,0
6752,0
6753,0
6754,0
6755,0
6756,0
6757,0
6758,0
6759,0
6760,1
6761,0
6762,1
6763,0
6764,0
6765,0
6766,0
6767,0
6768,0
6769,0
6770,1
6771,0
6772,1
6773,0
6774,0
6775,0
6776,0
6777,0
6778,0
6779,1
6780,0
6781,0
6782,0
6783,0
6784,0
6785,0
6786,0
6787,0
6788,0
6789,0
6790,0
6791,1
6792,0
6793,0
6794,0
6795,1
6796,0
6797,0
6798,0
6799,0
6800,0
6801,0
6802,1
6803,0
6804,0
6805,0
6806,1
6807,0
6808,0
6809,0
6810,0
6811,1
6812,0
6813,0
6814,0
6815,0
6816,1
6817,0
6818,0
6819,0
6820,0
6821,1
6822,0
6823,0
6824,1
6825,0
6826,1
6827,0
6828,0
6829,0
6830,0
6831,0
6832,0
6833,0
6834,0
6835,0
6836,0
6837,0
6838,0
6839,0
6840,1
6841,1
6842,0
6843,1
6844,0
6845,0
6846,0
6847,0
6848,0
6849,0
6850,0
6851,1
6852,0
6853,0
6854,0
6855,0
6856,0
6857,1
6858,0
6859,0
6860,0
6861,0
6862,0
6863,0
6864,0
6865,0
6866,0
6867,0
6868,0
6869,1
6870,0
6871,1
6872,0
6873,0
6874,0
6875,0
6876,0
6877,0
6878,0
6879,1
6880,0
6881,0
6882,0
6883,0
6884,0
6885,0
6886,0
6887,0
6888,0
6889,0
6890,0
6891,0
6892,0
6893,0
6894,1
6895,0
6896,0
6897,0
6898,0
6899,0
6900,0
6901,0
6902,0
6903,0
6904,0
6905,0
6906,0
6907,1
6908,0
6909,1
6910,0
6911,0
6912,1
6913,0
6914,0
6915,0
6916,0
6917,1
6918,0
6919,0
6920,0
6921,0
6922,1
6923,0
6924,0
6925,0
6926,1
6927,1
6928,0
6929,0
6930,0
6931,0
6932,0
6933,0
6934,1
6935,0
6936,0
6937,0
6938,0
6939,0
6940,1
6941,0
6942,0
6943,0
6944,0
6945,0
6946,0
6947,0
6948,0
6949,1
6950,1
6951,0
6952,0
6953,0
6954,0
6955,0
6956,0
6957,0
6958,0
6959,0
6960,1
6961,0
6962,0
6963,0
6964,0
6965,0
6966,0
6967,1
6968,0
6969,0
6970,0
6971,0
6972,0
6973,0
6974,0
6975,0
6976,0
6977,0
6978,0
6979,0
6980,1
6981,0
6982,1
6983,0
6984,0
6985,0
6986,0
6987,0
6988,0
6989,0
6990,0
6991,0
6992,0
6993,0
6994,0
6995,1
6996,0
6997,0
6998,1
6999,0
7000,0
7001,0
7002,0
7003,0
7004,0
7005,0
7006,0
7007,0
7008,0
7009,0
7010,1
7011,0
7012,1
7013,0
7014,0
7015,0
7016,0
7017,0
7018,0
7019,0
7020,0
7021,0
7022,0
7023,0
7024,0
7025,0
7026,0
7027,0
7028,0
7029,0
7030,0
7031,0
7032,1
7033,0
7034,0
7035,1
7036,0
7037,0
7038,0
7039,0
7040,0
7041,0
7042,0
7043,1
7044,0
7045,0
7046,0
7047,0
7048,0
7049,0
7050,1
7051,0
7052,0
7053,0
7054,0
7055,0
7056,0
7057,0
7058,0
7059,0
7060,1
7061,0
7062,1
7063,0
7064,0
7065,0
7066,0
7067,0
7068,0
7069,0
7070,0
7071,0
7072,1
7073,0
7074,0
7075,0
7076,1
7077,0
7078,0
7079,0
7080,0
7081,1
7082,1
7083,0
7084,1
7085,0
7086,0
7087,0
7088,0
7089,1
7090,0
7091,0
7092,0
7093,0
7094,0
7095,0
7096,0
7097,0
7098,0
7099,0
7100,0
7101,0
7102,0
7103,0
7104,0
7105,0
7106,0
7107,0
7108,1
7109,0
7110,0
7111,1
7112,1
7113,0
7114,0
7115,1
7116,0
7117,0
7118,0
7119,0
7120,0
7121,0
7122,0
7123,1
7124,0
7125,0
7126,0
7127,0
7128,0
7129,0
7130,1
7131,0
7132,1
7133,0
7134,0
7135,0
7136,0
7137,0
7138,0
7139,0
7140,0
7141,1
7142,0
7143,0
7144,0
7145,0
7146,1
7147,0
7148,0
7149,1
7150,0
7151,0
7152,0
7153,0
7154,0
7155,0
7156,1
7157,1
7158,1
7159,0
7160,0
7161,0
7162,0
7163,0
7164,0
7165,0
7166,0
7167,1
7168,0
7169,0
7170,0
7171,0
7172,0
7173,0
7174,0
7175,0
7176,0
7177,0
7178,0
7179,1
7180,1
7181,0
7182,1
7183,0
7184,1
7185,0
7186,0
7187,1
7188,0
7189,0
7190,1
7191,0
7192,0
7193,0
7194,0
7195,1
7196,0
7197,0
7198,0
7199,0
7200,1
7201,0
7202,0
7203,0
7204,0
7205,0
7206,0
7207,1
7208,0
7209,0
7210,0
7211,0
7212,0
7213,0
7214,0
7215,0
7216,0
7217,0
7218,1
7219,0
7220,0
7221,0
7222,0
7223,1
7224,0
7225,0
7226,0
7227,0
7228,0
7229,0
7230,1
7231,1
7232,0
7233,0
7234,0
7235,0
7236,1
7237,0
7238,0
7239,0
7240,0
7241,0
7242,0
7243,0
7244,0
7245,0
7246,0
7247,0
7248,0
7249,0
7250,0
7251,0
7252,0
7253,0
7254,0
7255,0
7256,0
7257,1
7258,0
7259,0
7260,1
7261,0
7262,0
7263,0
7264,0
7265,1
7266,0
7267,0
7268,0
7269,0
7270,0
7271,0
7272,0
7273,0
7274,0
7275,0
7276,0
7277,0
7278,0
7279,0
7280,0
7281,0
7282,0
7283,0
7284,0
7285,0
7286,0
7287,0
7288,0
7289,0
7290,0
7291,0
7292,0
7293,1
7294,0
7295,0
7296,0
7297,0
7298,0
7299,0
7300,1
7301,0
7302,0
7303,0
7304,0
7305,0
7306,1
7307,0
7308,0
7309,0
7310,0
7311,0
7312,0
7313,0
7314,0
7315,0
7316,0
7317,1
7318,0
7319,1
7320,0
7321,0
7322,0
7323,0
7324,0
7325,0
7326,0
7327,0
7328,0
7329,0
7330,0
7331,0
7332,0
7333,0
7334,0
7335,0
7336,0
7337,0
7338,0
7339,0
7340,0
7341,0
7342,0
7343,0
7344,0
7345,0
7346,1
7347,0
7348,0
7349,1
7350,1
7351,1
7352,0
7353,0
7354,0
7355,1
7356,0
7357,0
7358,0
7359,0
7360,0
7361,0
7362,0
7363,0
7364,1
7365,0
7366,0
7367,0
7368,0
7369,1
7370,0
7371,0
7372,0
7373,0
7374,0
7375,0
7376,0
7377,1
7378,1
7379,0
7380,0
7381,0
7382,1
7383,0
7384,0
7385,1
7386,0
7387,1
7388,0
7389,0
7390,0
7391,0
7392,0
7393,0
7394,0
7395,0
7396,0
7397,1
7398,1
7399,0
7400,0
7401,0
7402,0
7403,1
7404,1
7405,1
7406,0
7407,0
7408,0
7409,0
7410,0
7411,0
7412,0
7413,0
7414,1
7415,0
7416,0
7417,0
7418,0
7419,0
7420,1
7421,0
7422,0
7423,0
7424,0
7425,0
7426,1
7427,0
7428,0
7429,0
7430,1
7431,0
7432,0
7433,0
7434,0
7435,0
7436,0
7437,0
7438,0
7439,1
7440,0
7441,0
7442,0
7443,0
7444,1
7445,0
7446,0
7447,0
7448,0
7449,0
7450,0
7451,0
7452,0
7453,0
7454,0
7455,0
7456,0
7457,0
7458,0
7459,0
7460,0
7461,0
7462,0
7463,0
7464,0
7465,0
7466,0
7467,0
7468,0
7469,0
7470,0
7471,0
7472,0
7473,0
7474,0
7475,0
7476,0
7477,0
7478,1
7479,0
7480,0
7481,0
7482,0
7483,0
7484,0
7485,0
7486,0
7487,0
7488,0
7489,0
7490,1
7491,0
7492,0
7493,0
7494,0
7495,0
7496,0
7497,0
7498,0
7499,0
7500,0
7501,0
7502,0
7503,0
7504,0
7505,1
7506,0
7507,0
7508,0
7509,0
7510,0
7511,1
7512,0
7513,0
7514,0
7515,0
7516,0
7517,0
7518,0
7519,1
7520,0
7521,1
7522,0
7523,1
7524,0
7525,0
7526,1
7527,0
7528,0
7529,1
7530,0
7531,0
7532,0
7533,1
7534,0
7535,0
7536,0
7537,1
7538,0
7539,0
7540,0
7541,0
7542,0
7543,0
7544,0
7545,0
7546,0
7547,0
7548,0
7549,0
7550,0
7551,0
7552,0
7553,0
7554,0
7555,0
7556,0
7557,0
7558,0
7559,0
7560,0
7561,0
7562,0
7563,1
7564,0
7565,0
7566,0
7567,0
7568,0
7569,1
7570,0
7571,1
7572,0
7573,0
7574,1
7575,0
7576,0
7577,0
7578,1
7579,1
7580,0
7581,0
7582,1
7583,1
7584,0
7585,0
7586,0
7587,0
7588,0
7589,0
7590,0
7591,0
7592,0
7593,0
7594,1
7595,0
7596,0
7597,0
7598,1
7599,1
7600,0
7601,0
7602,0
7603,0
7604,0
7605,0
7606,0
7607,0
7608,0
7609,1
7610,0
7611,0
7612,0
7613,0
7614,1
7615,0
7616,0
7617,0
7618,0
7619,0
7620,0
7621,0
7622,0
7623,0
7624,0
7625,0
7626,1
7627,0
7628,0
7629,1
7630,0
7631,0
7632,0
7633,0
7634,0
7635,0
7636,1
7637,0
7638,0
7639,0
7640,1
7641,0
7642,1
7643,0
7644,0
7645,0
7646,0
7647,0
7648,0
7649,1
7650,0
7651,0
7652,0
7653,0
7654,0
7655,0
7656,0
7657,1
7658,1
7659,0
7660,0
7661,0
7662,0
7663,0
7664,0
7665,0
7666,0
7667,0
7668,0
7669,1
7670,0
7671,0
7672,0
7673,1
7674,0
7675,0
7676,0
7677,0
7678,1
7679,1
7680,0
7681,0
7682,0
7683,0
7684,0
7685,1
7686,1
7687,0
7688,0
7689,0
7690,0
7691,0
7692,0
7693,0
7694,0
7695,0
7696,0
7697,0
7698,0
7699,0
7700,0
7701,0
7702,0
7703,0
7704,0
7705,0
7706,0
7707,1
7708,0
7709,0
7710,0
7711,0
7712,0
7713,0
7714,0
7715,0
7716,0
7717,0
7718,0
7719,0
7720,0
7721,0
7722,0
7723,0
7724,0
7725,0
7726,0
7727,1
7728,0
7729,0
7730,0
7731,1
7732,0
7733,0
7734,0
7735,0
7736,0
7737,0
7738,0
7739,0
7740,0
7741,0
7742,0
7743,0
7744,0
7745,0
7746,0
7747,0
7748,1
7749,1
7750,0
7751,1
7752,1
7753,0
7754,0
7755,0
7756,0
7757,0
7758,1
7759,0
7760,0
7761,0
7762,0
7763,0
7764,0
7765,1
7766,0
7767,0
7768,0
7769,0
7770,0
7771,0
7772,1
7773,0
7774,1
7775,0
7776,0
7777,0
7778,1
7779,0
7780,0
7781,0
7782,0
7783,1
7784,0
7785,0
7786,1
7787,0
7788,0
7789,0
7790,1
7791,1
7792,0
7793,1
7794,0
7795,0
7796,0
7797,0
7798,1
7799,1
7800,1
7801,0
7802,0
7803,0
7804,0
7805,1
7806,0
7807,0
7808,0
7809,0
7810,0
7811,1
7812,1
7813,0
7814,0
7815,0
7816,0
7817,0
7818,0
7819,0
7820,0
7821,1
7822,0
7823,1
7824,0
7825,0
7826,1
7827,0
7828,0
7829,0
7830,0
7831,1
7832,0
7833,1
7834,0
7835,0
7836,0
7837,0
7838,0
7839,1
7840,0
7841,1
7842,1
7843,0
7844,0
7845,0
7846,0
7847,0
7848,0
7849,0
7850,1
7851,0
7852,0
7853,0
7854,0
7855,0
7856,0
7857,1
7858,0
7859,1
7860,0
7861,0
7862,0
7863,0
7864,1
7865,0
7866,0
7867,0
7868,0
7869,0
7870,0
7871,1
7872,0
7873,0
7874,0
7875,0
7876,0
7877,0
7878,0
7879,0
7880,1
7881,0
7882,0
7883,0
7884,0
7885,0
7886,0
7887,0
7888,0
7889,0
7890,0
7891,0
7892,1
7893,0
7894,1
7895,0
7896,1
7897,0
7898,0
7899,0
7900,0
7901,0
7902,0
7903,0
7904,0
7905,0
7906,0
7907,0
7908,0
7909,1
7910,1
7911,0
7912,0
7913,0
7914,0
7915,1
7916,0
7917,1
7918,0
7919,0
7920,0
7921,1
7922,1
7923,0
7924,0
7925,0
7926,0
7927,0
7928,0
7929,0
7930,0
7931,0
7932,0
7933,0
7934,0
7935,0
7936,0
7937,0
7938,0
7939,0
7940,0
7941,0
7942,0
7943,0
7944,1
7945,0
7946,0
7947,1
7948,0
7949,0
7950,0
7951,0
7952,0
7953,0
7954,0
7955,1
7956,1
7957,0
7958,0
7959,0
7960,0
7961,0
7962,0
7963,0
7964,0
7965,1
7966,1
7967,0
7968,1
7969,0
7970,0
7971,0
7972,0
7973,0
7974,0
7975,0
7976,1
7977,0
7978,0
7979,1
7980,0
7981,1
7982,0
7983,0
7984,0
7985,0
7986,0
7987,0
7988,0
7989,0
7990,0
7991,0
7992,0
7993,0
7994,1
7995,1
7996,0
7997,0
7998,0
7999,1
8000,0
8001,0
8002,0
8003,0
8004,0
8005,0
8006,0
8007,0
8008,0
8009,0
8010,0
8011,0
8012,0
8013,0
8014,0
8015,0
8016,1
8017,0
8018,0
8019,0
8020,0
8021,0
8022,0
8023,0
8024,0
8025,0
8026,0
8027,0
8028,0
8029,0
8030,1
8031,1
8032,0
8033,0
8034,1
8035,0
8036,0
8037,0
8038,0
8039,0
8040,1
8041,0
8042,1
8043,0
8044,0
8045,0
8046,1
8047,0
8048,0
8049,0
8050,0
8051,0
8052,0
8053,0
8054,0
8055,0
8056,0
8057,0
8058,0
8059,0
8060,0
8061,0
8062,1
8063,0
8064,0
8065,0
8066,0
8067,0
8068,0
8069,0
8070,0
8071,0
8072,0
8073,0
8074,1
8075,0
8076,0
8077,0
8078,0
8079,0
8080,0
8081,0
8082,0
8083,0
8084,0
8085,0
8086,0
8087,0
8088,0
8089,0
8090,0
8091,0
8092,0
8093,0
8094,1
8095,0
8096,0
8097,0
8098,0
8099,0
8100,1
8101,1
8102,1
8103,1
8104,1
8105,1
8106,1
8107,1
8108,1
8109,1
8110,1
8111,1
8112,1
8113,1
8114,1
8115,1
8116,1
8117,1
8118,1
8119,1
8120,1
8121,1
8122,1
8123,1
8124,1
8125,1
8126,1
8127,1
8128,1
8129,1
8130,1
8131,1
8132,1
8133,1
8134,1
8135,1
8136,1
8137,1
8138,1
8139,1
8140,1
8141,1
8142,1
8143,1
8144,1
8145,1
8146,1
8147,1
8148,1
8149,1
8150,1
8151,1
8152,1
8153,1
8154,1
8155,1
8156,1
8157,1
8158,1
8159,1
8160,1
8161,1
8162,1
8163,1
8164,1
8165,1
8166,1
8167,1
8168,1
8169,1
8170,1
8171,1
8172,1
8173,1
8174,1
8175,1
8176,1
8177,1
8178,1
8179,1
8180,1
8181,1
8182,1
8183,1
8184,1
8185,1
8186,1
8187,1
8188,1
8189,1
8190,1
8191,1
8192,1
8193,1
8194,1
8195,1
8196,1
8197,1
8198,1
8199,1
8200,1
8201,1
8202,1
8203,1
8204,1
8205,1
8206,1
8207,1
8208,1
8209,1
8210,1
8211,1
8212,1
8213,1
8214,1
8215,1
8216,1
8217,1
8218,1
8219,1
8220,1
8221,1
8222,1
8223,1
8224,1
8225,1
8226,1
8227,1
8228,1
8229,1
8230,1
8231,1
8232,1
8233,1
8234,1
8235,1
8236,1
8237,1
8238,1
8239,1
8240,1
8241,1
8242,1
8243,1
8244,1
8245,1
8246,1
8247,1
8248,1
8249,1
8250,1
8251,1
8252,1
8253,1
8254,1
8255,1
8256,1
8257,1
8258,1
8259,1
8260,1
8261,1
8262,1
8263,1
8264,1
8265,1
8266,1
8267,1
8268,1
8269,1
8270,1
8271,1
8272,1
8273,1
8274,1
8275,1
8276,1
8277,1
8278,1
8279,1
8280,1
8281,1
8282,1
8283,1
8284,1
8285,1
8286,1
8287,1
8288,1
8289,1
8290,1
8291,1
8292,1
8293,1
8294,1
8295,1
8296,1
8297,1
8298,1
8299,1
8300,1
8301,1
8302,1
8303,1
8304,1
8305,1
8306,1
8307,1
8308,1
8309,1
8310,1
8311,1
8312,1
8313,1
8314,1
8315,1
8316,1
8317,1
8318,1
8319,1
8320,1
8321,1
8322,1
8323,1
8324,1
8325,1
8326,1
8327,1
8328,1
8329,1
8330,1
8331,1
8332,1
8333,1
8334,1
8335,1
8336,1
8337,1
8338,1
8339,1
8340,1
8341,1
8342,1
8343,1
8344,1
8345,1
8346,1
8347,1
8348,1
8349,1
8350,1
8351,1
8352,1
8353,1
8354,1
8355,1
8356,1
8357,1
8358,1
8359,1
8360,1
8361,1
8362,1
8363,1
8364,1
8365,1
8366,1
8367,1
8368,1
8369,1
8370,1
8371,1
8372,1
8373,1
8374,1
8375,1
8376,1
8377,1
8378,1
8379,1
8380,1
8381,1
8382,1
8383,1
8384,1
8385,1
8386,1
8387,1
8388,1
8389,1
8390,1
8391,1
8392,1
8393,1
8394,1
8395,1
8396,1
8397,1
8398,1
8399,1
8400,1
8401,1
8402,1
8403,1
8404,1
8405,1
8406,1
8407,1
8408,1
8409,1
8410,1
8411,1
8412,1
8413,1
8414,1
8415,1
8416,1
8417,1
8418,1
8419,1
8420,1
8421,1
8422,1
8423,1
8424,1
8425,1
8426,1
8427,1
8428,1
8429,1
8430,1
8431,1
8432,1
8433,1
8434,1
8435,1
8436,1
8437,1
8438,1
8439,1
8440,1
8441,1
8442,1
8443,1
8444,1
8445,1
8446,1
8447,1
8448,1
8449,1
8450,1
8451,1
8452,1
8453,1
8454,1
8455,1
8456,1
8457,1
8458,1
8459,1
8460,1
8461,1
8462,1
8463,1
8464,1
8465,1
8466,1
8467,1
8468,1
8469,1
8470,1
8471,1
8472,1
8473,1
8474,1
8475,1
8476,1
8477,1
8478,1
8479,1
8480,1
8481,1
8482,1
8483,1
8484,1
8485,1
8486,1
8487,1
8488,1
8489,1
8490,1
8491,1
8492,1
8493,1
8494,1
8495,1
8496,1
8497,1
8498,1
8499,1
8500,1
8501,1
8502,1
8503,1
8504,1
8505,1
8506,1
8507,1
8508,1
8509,1
8510,1
8511,1
8512,1
8513,1
8514,1
8515,1
8516,1
8517,1
8518,1
8519,1
8520,1
8521,1
8522,1
8523,1
8524,1
8525,1
8526,1
8527,1
8528,1
8529,1
8530,1
8531,1
8532,1
8533,1
8534,1
8535,1
8536,1
8537,1
8538,1
8539,1
8540,1
8541,1
8542,1
8543,1
8544,1
8545,1
8546,1
8547,1
8548,1
8549,1
8550,1
8551,1
8552,1
8553,1
8554,1
8555,1
8556,1
8557,1
8558,1
8559,1
8560,1
8561,1
8562,1
8563,1
8564,1
8565,1
8566,1
8567,1
8568,1
8569,1
8570,1
8571,1
8572,1
8573,1
8574,1
8575,1
8576,1
8577,1
8578,1
8579,1
8580,1
8581,1
8582,1
8583,1
8584,1
8585,1
8586,1
8587,1
8588,1
8589,1
8590,1
8591,1
8592,1
8593,1
8594,1
8595,1
8596,1
8597,1
8598,1
8599,1
8600,1
8601,1
8602,1
8603,1
8604,1
8605,1
8606,1
8607,1
8608,1
8609,1
8610,1
8611,1
8612,1
8613,1
8614,1
8615,1
8616,1
8617,1
8618,1
8619,1
8620,1
8621,1
8622,1
8623,1
8624,1
8625,1
8626,1
8627,1
8628,1
8629,1
8630,1
8631,1
8632,1
8633,1
8634,1
8635,1
8636,1
8637,1
8638,1
8639,1
8640,1
8641,1
8642,1
8643,1
8644,1
8645,1
8646,1
8647,1
8648,1
8649,1
8650,1
8651,1
8652,1
8653,1
8654,1
8655,1
8656,1
8657,1
8658,1
8659,1
8660,1
8661,1
8662,1
8663,1
8664,1
8665,1
8666,1
8667,1
8668,1
8669,1
8670,1
8671,1
8672,1
8673,1
8674,1
8675,1
8676,1
8677,1
8678,1
8679,1
8680,1
8681,1
8682,1
8683,1
8684,1
8685,1
8686,1
8687,1
8688,1
8689,1
8690,1
8691,1
8692,1
8693,1
8694,1
8695,1
8696,1
8697,1
8698,1
8699,1
8700,1
8701,1
8702,1
8703,1
8704,1
8705,1
8706,1
8707,1
8708,1
8709,1
8710,1
8711,1
8712,1
8713,1
8714,1
8715,1
8716,1
8717,1
8718,1
8719,1
8720,1
8721,1
8722,1
8723,1
8724,1
8725,1
8726,1
8727,1
8728,1
8729,1
8730,1
8731,1
8732,1
8733,1
8734,1
8735,1
8736,1
8737,1
8738,1
8739,1
8740,1
8741,1
8742,1
8743,1
8744,1
8745,1
8746,1
8747,1
8748,1
8749,1
8750,1
8751,1
8752,1
8753,1
8754,1
8755,1
8756,1
8757,1
8758,1
8759,1
8760,1
8761,1
8762,1
8763,1
8764,1
8765,1
8766,1
8767,1
8768,1
8769,1
8770,1
8771,1
8772,1
8773,1
8774,1
8775,1
8776,1
8777,1
8778,1
8779,1
8780,1
8781,1
8782,1
8783,1
8784,1
8785,1
8786,1
8787,1
8788,1
8789,1
8790,1
8791,1
8792,1
8793,1
8794,1
8795,1
8796,1
8797,1
8798,1
8799,1
8800,1
8801,1
8802,1
8803,1
8804,1
8805,1
8806,1
8807,1
8808,1
8809,1
8810,1
8811,1
8812,1
8813,1
8814,1
8815,1
8816,1
8817,1
8818,1
8819,1
8820,1
8821,1
8822,1
8823,1
8824,1
8825,1
8826,1
8827,1
8828,1
8829,1
8830,1
8831,1
8832,1
8833,1
8834,1
8835,1
8836,1
8837,1
8838,1
8839,1
8840,1
8841,1
8842,1
8843,1
8844,1
8845,1
8846,1
8847,1
8848,1
8849,1
8850,1
8851,1
8852,1
8853,1
8854,1
8855,1
8856,1
8857,1
8858,1
8859,1
8860,1
8861,1
8862,1
8863,1
8864,1
8865,1
8866,1
8867,1
8868,1
8869,1
8870,1
8871,1
8872,1
8873,1
8874,1
8875,1
8876,1
8877,1
8878,1
8879,1
8880,1
8881,1
8882,1
8883,1
8884,1
8885,1
8886,1
8887,1
8888,1
8889,1
8890,1
8891,1
8892,1
8893,1
8894,1
8895,1
8896,1
8897,1
8898,1
8899,1
8900,1
8901,1
8902,1
8903,1
8904,1
8905,1
8906,1
8907,1
8908,1
8909,1
8910,1
8911,1
8912,1
8913,1
8914,1
8915,1
8916,1
8917,1
8918,1
8919,1
8920,1
8921,1
8922,1
8923,1
8924,1
8925,1
8926,1
8927,1
8928,1
8929,1
8930,1
8931,1
8932,1
8933,1
8934,1
8935,1
8936,1
8937,1
8938,1
8939,1
8940,1
8941,1
8942,1
8943,1
8944,1
8945,1
8946,1
8947,1
8948,1
8949,1
8950,1
8951,1
8952,1
8953,1
8954,1
8955,1
8956,1
8957,1
8958,1
8959,1
8960,1
8961,1
8962,1
8963,1
8964,1
8965,1
8966,1
8967,1
8968,1
8969,1
8970,1
8971,1
8972,1
8973,1
8974,1
8975,1
8976,1
8977,1
8978,1
8979,1
8980,1
8981,1
8982,1
8983,1
8984,1
8985,1
8986,1
8987,1
8988,1
8989,1
8990,1
8991,1
8992,1
8993,1
8994,1
8995,1
8996,1
8997,1
8998,1
8999,1
9000,1
9001,1
9002,1
9003,1
9004,1
9005,1
9006,1
9007,1
9008,1
9009,1
9010,1
9011,1
9012,1
9013,1
9014,1
9015,1
9016,1
9017,1
9018,1
9019,1
9020,1
9021,1
9022,1
9023,1
9024,1
9025,1
9026,1
9027,1
9028,1
9029,1
9030,1
9031,1
9032,1
9033,1
9034,1
9035,1
9036,1
9037,1
9038,1
9039,1
9040,1
9041,1
9042,1
9043,1
9044,1
9045,1
9046,1
9047,1
9048,1
9049,1
9050,1
9051,1
9052,1
9053,1
9054,1
9055,1
9056,1
9057,1
9058,1
9059,1
9060,1
9061,1
9062,1
9063,1
9064,1
9065,1
9066,1
9067,1
9068,1
9069,1
9070,1
9071,1
9072,1
9073,1
9074,1
9075,1
9076,1
9077,1
9078,1
9079,1
9080,1
9081,1
9082,1
9083,1
9084,1
9085,1
9086,1
9087,1
9088,1
9089,1
9090,1
9091,1
9092,1
9093,1
9094,1
9095,1
9096,1
9097,1
9098,1
9099,1
9100,1
9101,1
9102,1
9103,1
9104,1
9105,1
9106,1
9107,1
9108,1
9109,1
9110,1
9111,1
9112,1
9113,1
9114,1
9115,1
9116,1
9117,1
9118,1
9119,1
9120,1
9121,1
9122,1
9123,1
9124,1
9125,1
9126,1
9127,1
9128,1
9129,1
9130,1
9131,1
9132,1
9133,1
9134,1
9135,1
9136,1
9137,1
9138,1
9139,1
9140,1
9141,1
9142,1
9143,1
9144,1
9145,1
9146,1
9147,1
9148,1
9149,1
9150,1
9151,1
9152,1
9153,1
9154,1
9155,1
9156,1
9157,1
9158,1
9159,1
9160,1
9161,1
9162,1
9163,1
9164,1
9165,1
9166,1
9167,1
9168,1
9169,1
9170,1
9171,1
9172,1
9173,1
9174,1
9175,1
9176,1
9177,1
9178,1
9179,1
9180,1
9181,1
9182,1
9183,1
9184,1
9185,1
9186,1
9187,1
9188,1
9189,1
9190,1
9191,1
9192,1
9193,1
9194,1
9195,1
9196,1
9197,1
9198,1
9199,1
9200,1
9201,1
9202,1
9203,1
9204,1
9205,1
9206,1
9207,1
9208,1
9209,1
9210,1
9211,1
9212,1
9213,1
9214,1
9215,1
9216,1
9217,1
9218,1
9219,1
9220,1
9221,1
9222,1
9223,1
9224,1
9225,1
9226,1
9227,1
9228,1
9229,1
9230,1
9231,1
9232,1
9233,1
9234,1
9235,1
9236,1
9237,1
9238,1
9239,1
9240,1
9241,1
9242,1
9243,1
9244,1
9245,1
9246,1
9247,1
9248,1
9249,1
9250,1
9251,1
9252,1
9253,1
9254,1
9255,1
9256,1
9257,1
9258,1
9259,1
9260,1
9261,1
9262,1
9263,1
9264,1
9265,1
9266,1
9267,1
9268,1
9269,1
9270,1
9271,1
9272,1
9273,1
9274,1
9275,1
9276,1
9277,1
9278,1
9279,1
9280,1
9281,1
9282,1
9283,1
9284,1
9285,1
9286,1
9287,1
9288,1
9289,1
9290,1
9291,1
9292,1
9293,1
9294,1
9295,1
9296,1
9297,1
9298,1
9299,1
9300,1
9301,1
9302,1
9303,1
9304,1
9305,1
9306,1
9307,1
9308,1
9309,1
9310,1
9311,1
9312,1
9313,1
9314,1
9315,1
9316,1
9317,1
9318,1
9319,1
9320,1
9321,1
9322,1
9323,1
9324,1
9325,1
9326,1
9327,1
9328,1
9329,1
9330,1
9331,1
9332,1
9333,1
9334,1
9335,1
9336,1
9337,1
9338,1
9339,1
9340,1
9341,1
9342,1
9343,1
9344,1
9345,1
9346,1
9347,1
9348,1
9349,1
9350,1
9351,1
9352,1
9353,1
9354,1
9355,1
9356,1
9357,1
9358,1
9359,1
9360,1
9361,1
9362,1
9363,1
9364,1
9365,1
9366,1
9367,1
9368,1
9369,1
9370,1
9371,1
9372,1
9373,1
9374,1
9375,1
9376,1
9377,1
9378,1
9379,1
9380,1
9381,1
9382,1
9383,1
9384,1
9385,1
9386,1
9387,1
9388,1
9389,1
9390,1
9391,1
9392,1
9393,1
9394,1
9395,1
9396,1
9397,1
9398,1
9399,1
9400,1
9401,1
9402,1
9403,1
9404,1
9405,1
9406,1
9407,1
9408,1
9409,1
9410,1
9411,1
9412,1
9413,1
9414,1
9415,1
9416,1
9417,1
9418,1
9419,1
9420,1
9421,1
9422,1
9423,1
9424,1
9425,1
9426,1
9427,1
9428,1
9429,1
9430,1
9431,1
9432,1
9433,1
9434,1
9435,1
9436,1
9437,1
9438,1
9439,1
9440,1
9441,1
9442,1
9443,1
9444,1
9445,1
9446,1
9447,1
9448,1
9449,1
9450,1
9451,1
9452,1
9453,1
9454,1
9455,1
9456,1
9457,1
9458,1
9459,1
9460,1
9461,1
9462,1
9463,1
9464,1
9465,1
9466,1
9467,1
9468,1
9469,1
9470,1
9471,1
9472,1
9473,1
9474,1
9475,1
9476,1
9477,1
9478,1
9479,1
9480,1
9481,1
9482,1
9483,1
9484,1
9485,1
9486,1
9487,1
9488,1
9489,1
9490,1
9491,1
9492,1
9493,1
9494,1
9495,1
9496,1
9497,1
9498,1
9499,1
9500,1
9501,1
9502,1
9503,1
9504,1
9505,1
9506,1
9507,1
9508,1
9509,1
9510,1
9511,1
9512,1
9513,1
9514,1
9515,1
9516,1
9517,1
9518,1
9519,1
9520,1
9521,1
9522,1
9523,1
9524,1
9525,1
9526,1
9527,1
9528,1
9529,1
9530,1
9531,1
9532,1
9533,1
9534,1
9535,1
9536,1
9537,1
9538,1
9539,1
9540,1
9541,1
9542,1
9543,1
9544,1
9545,1
9546,1
9547,1
9548,1
9549,1
9550,1
9551,1
9552,1
9553,1
9554,1
9555,1
9556,1
9557,1
9558,1
9559,1
9560,1
9561,1
9562,1
9563,1
9564,1
9565,1
9566,1
9567,1
9568,1
9569,1
9570,1
9571,1
9572,1
9573,1
9574,1
9575,1
9576,1
9577,1
9578,1
9579,1
9580,1
9581,1
9582,1
9583,1
9584,1
9585,1
9586,1
9587,1
9588,1
9589,1
9590,1
9591,1
9592,1
9593,1
9594,1
9595,1
9596,1
9597,1
9598,1
9599,1
9600,1
9601,1
9602,1
9603,1
9604,1
9605,1
9606,1
9607,1
9608,1
9609,1
9610,1
9611,1
9612,1
9613,1
9614,1
9615,1
9616,1
9617,1
9618,1
9619,1
9620,1
9621,1
9622,1
9623,1
9624,1
9625,1
9626,1
9627,1
9628,1
9629,1
9630,1
9631,1
9632,1
9633,1
9634,1
9635,1
9636,1
9637,1
9638,1
9639,1
9640,1
9641,1
9642,1
9643,1
9644,1
9645,1
9646,1
9647,1
9648,1
9649,1
9650,1
9651,1
9652,1
9653,1
9654,1
9655,1
9656,1
9657,1
9658,1
9659,1
9660,1
9661,1
9662,1
9663,1
9664,1
9665,1
9666,1
9667,1
9668,1
9669,1
9670,1
9671,1
9672,1
9673,1
9674,1
9675,1
9676,1
9677,1
9678,1
9679,1
9680,1
9681,1
9682,1
9683,1
9684,1
9685,1
9686,1
9687,1
9688,1
9689,1
9690,1
9691,1
9692,1
9693,1
9694,1
9695,1
9696,1
9697,1
9698,1
9699,1
9700,1
9701,1
9702,1
9703,1
9704,1
9705,1
9706,1
9707,1
9708,1
9709,1
9710,1
9711,1
9712,1
9713,1
9714,1
9715,1
9716,1
9717,1
9718,1
9719,1
9720,1
9721,1
9722,1
9723,1
9724,1
9725,1
9726,1
9727,1
9728,1
9729,1
9730,1
9731,1
9732,1
9733,1
9734,1
9735,1
9736,1
9737,1
9738,1
9739,1
9740,1
9741,1
9742,1
9743,1
9744,1
9745,1
9746,1
9747,1
9748,1
9749,1
9750,1
9751,1
9752,1
9753,1
9754,1
9755,1
9756,1
9757,1
9758,1
9759,1
9760,1
9761,1
9762,1
9763,1
9764,1
9765,1
9766,1
9767,1
9768,1
9769,1
9770,1
9771,1
9772,1
9773,1
9774,1
9775,1
9776,1
9777,1
9778,1
9779,1
9780,1
9781,1
9782,1
9783,1
9784,1
9785,1
9786,1
9787,1
9788,1
9789,1
9790,1
9791,1
9792,1
9793,1
9794,1
9795,1
9796,1
9797,1
9798,1
9799,1
9800,1
9801,1
9802,1
9803,1
9804,1
9805,1
9806,1
9807,1
9808,1
9809,1
9810,1
9811,1
9812,1
9813,1
9814,1
9815,1
9816,1
9817,1
9818,1
9819,1
9820,1
9821,1
9822,1
9823,1
9824,1
9825,1
9826,1
9827,1
9828,1
9829,1
9830,1
9831,1
9832,1
9833,1
9834,1
9835,1
9836,1
9837,1
9838,1
9839,1
9840,1
9841,1
9842,1
9843,1
9844,1
9845,1
9846,1
9847,1
9848,1
9849,1
9850,1
9851,1
9852,1
9853,1
9854,1
9855,1
9856,1
9857,1
9858,1
9859,1
9860,1
9861,1
9862,1
9863,1
9864,1
9865,1
9866,1
9867,1
9868,1
9869,1
9870,1
9871,1
9872,1
9873,1
9874,1
9875,1
9876,1
9877,1
9878,1
9879,1
9880,1
9881,1
9882,1
9883,1
9884,1
9885,1
9886,1
9887,1
9888,1
9889,1
9890,1
9891,1
9892,1
9893,1
9894,1
9895,1
9896,1
9897,1
9898,1
9899,1
9900,1
9901,1
9902,1
9903,1
9904,1
9905,1
9906,1
9907,1
9908,1
9909,1
9910,1
9911,1
9912,1
9913,1
9914,1
9915,1
9916,1
9917,1
9918,1
9919,1
9920,1
9921,1
9922,1
9923,1
9924,1
9925,1
9926,1
9927,1
9928,1
9929,1
9930,1
9931,1
9932,1
9933,1
9934,1
9935,1
9936,1
9937,1
9938,1
9939,1
9940,1
9941,1
9942,1
9943,1
9944,1
9945,1
9946,1
9947,1
9948,1
9949,1
9950,1
9951,1
9952,1
9953,1
9954,1
9955,1
9956,1
9957,1
9958,1
9959,1
9960,1
9961,1
9962,1
9963,1
9964,1
9965,1
9966,1
9967,1
9968,1
9969,1
9970,1
9971,1
9972,1
9973,1
9974,1
9975,1
9976,1
9977,1
9978,1
9979,1
9980,1
9981,1
9982,1
9983,1
9984,1
9985,1
9986,1
9987,1
9988,1
9989,1
9990,1
9991,1
9992,1
9993,1
9994,1
9995,1
9996,1
9997,1
9998,1
9999,1
10000,1
10001,1
10002,1
10003,1
10004,1
10005,1
10006,1
10007,1
10008,1
10009,1
10010,1
10011,1
10012,1
10013,1
10014,1
10015,1
10016,1
10017,1
10018,1
10019,1
10020,1
10021,1
10022,1
10023,1
10024,1
10025,1
10026,1
10027,1
10028,1
10029,1
10030,1
10031,1
10032,1
10033,1
10034,1
10035,1
10036,1
10037,1
10038,1
10039,1
10040,1
10041,1
10042,1
10043,1
10044,1
10045,1
10046,1
10047,1
10048,1
10049,1
10050,1
10051,1
10052,1
10053,1
10054,1
10055,1
10056,1
10057,1
10058,1
10059,1
10060,1
10061,1
10062,1
10063,1
10064,1
10065,1
10066,1
10067,1
10068,1
10069,1
10070,1
10071,1
10072,1
10073,1
10074,1
10075,1
10076,1
10077,1
10078,1
10079,1
10080,1
10081,1
10082,1
10083,1
10084,1
10085,1
10086,1
10087,1
10088,1
10089,1
10090,1
10091,1
10092,1
10093,1
10094,1
10095,1
10096,1
10097,1
10098,1
10099,1
10100,1
10101,1
10102,1
10103,1
10104,1
10105,1
10106,1
10107,1
10108,1
10109,1
10110,1
10111,1
10112,1
10113,1
10114,1
10115,1
10116,1
10117,1
10118,1
10119,1
10120,1
10121,1
10122,1
10123,1
10124,1
10125,1
10126,1
10127,1
10128,1
10129,1
10130,1
10131,1
10132,1
10133,1
10134,1
10135,1
10136,1
10137,1
10138,1
10139,1
10140,1
10141,1
10142,1
10143,1
10144,1
10145,1
10146,1
10147,1
10148,1
10149,1
10150,1
10151,1
10152,1
10153,1
10154,1
10155,1
10156,1
10157,1
10158,1
10159,1
10160,1
10161,1
10162,1
10163,1
10164,1
10165,1
10166,1
10167,1
10168,1
10169,1
10170,1
10171,1
10172,1
10173,1
10174,1
10175,1
10176,1
10177,1
10178,1
10179,1
10180,1
10181,1
10182,1
10183,1
10184,1
10185,1
10186,1
10187,1
10188,1
10189,1
10190,1
10191,1
10192,1
10193,1
10194,1
10195,1
10196,1
10197,1
10198,1
10199,1
10200,1
10201,1
10202,1
10203,1
10204,1
10205,1
10206,1
10207,1
10208,1
10209,1
10210,1
10211,1
10212,1
10213,1
10214,1
10215,1
10216,1
10217,1
10218,1
10219,1
10220,1
10221,1
10222,1
10223,1
10224,1
10225,1
10226,1
10227,1
10228,1
10229,1
10230,1
10231,1
10232,1
10233,1
10234,1
10235,1
10236,1
10237,1
10238,1
10239,1
10240,1
10241,1
10242,1
10243,1
10244,1
10245,1
10246,1
10247,1
10248,1
10249,1
10250,1
10251,1
10252,1
10253,1
10254,1
10255,1
10256,1
10257,1
10258,1
10259,1
10260,1
10261,1
10262,1
10263,1
10264,1
10265,1
10266,1
10267,1
10268,1
10269,1
10270,1
10271,1
10272,1
10273,1
10274,1
10275,1
10276,1
10277,1
10278,1
10279,1
10280,1
10281,1
10282,1
10283,1
10284,1
10285,1
10286,1
10287,1
10288,1
10289,1
10290,1
10291,1
10292,1
10293,1
10294,1
10295,1
10296,1
10297,1
10298,1
10299,1
10300,1
10301,1
10302,1
10303,1
10304,1
10305,1
10306,1
10307,1
10308,1
10309,1
10310,1
10311,1
10312,1
10313,1
10314,1
10315,1
10316,1
10317,1
10318,1
10319,1
10320,1
10321,1
10322,1
10323,1
10324,1
10325,1
10326,1
10327,1
10328,1
10329,1
10330,1
10331,1
10332,1
10333,1
10334,1
10335,1
10336,1
10337,1
10338,1
10339,1
10340,1
10341,1
10342,1
10343,1
10344,1
10345,1
10346,1
10347,1
10348,1
10349,1
10350,1
10351,1
10352,1
10353,1
10354,1
10355,1
10356,1
10357,1
10358,1
10359,1
10360,1
10361,1
10362,1
10363,1
10364,1
10365,1
10366,1
10367,1
10368,1
10369,1
10370,1
10371,1
10372,1
10373,1
10374,1
10375,1
10376,1
10377,1
10378,1
10379,1
10380,1
10381,1
10382,1
10383,1
10384,1
10385,1
10386,1
10387,1
10388,1
10389,1
10390,1
10391,1
10392,1
10393,1
10394,1
10395,1
10396,1
10397,1
10398,1
10399,1
10400,1
10401,1
10402,1
10403,1
10404,1
10405,1
10406,1
10407,1
10408,1
10409,1
10410,1
10411,1
10412,1
10413,1
10414,1
10415,1
10416,1
10417,1
10418,1
10419,1
10420,1
10421,1
10422,1
10423,1
10424,1
10425,1
10426,1
10427,1
10428,1
10429,1
10430,1
10431,1
10432,1
10433,1
10434,1
10435,1
10436,1
10437,1
10438,1
10439,1
10440,1
10441,1
10442,1
10443,1
10444,1
10445,1
10446,1
10447,1
10448,1
10449,1
10450,1
10451,1
10452,1
10453,1
10454,1
10455,1
10456,1
10457,1
10458,1
10459,1
10460,1
10461,1
10462,1
10463,1
10464,1
10465,1
10466,1
10467,1
10468,1
10469,1
10470,1
10471,1
10472,1
10473,1
10474,1
10475,1
10476,1
10477,1
10478,1
10479,1
10480,1
10481,1
10482,1
10483,1
10484,1
10485,1
10486,1
10487,1
10488,1
10489,1
10490,1
10491,1
10492,1
10493,1
10494,1
10495,1
10496,1
10497,1
10498,1
10499,1
10500,1
10501,1
10502,1
10503,1
10504,1
10505,1
10506,1
10507,1
10508,1
10509,1
10510,1
10511,1
10512,1
10513,1
10514,1
10515,1
10516,1
10517,1
10518,1
10519,1
10520,1
10521,1
10522,1
10523,1
10524,1
10525,1
10526,1
10527,1
10528,1
10529,1
10530,1
10531,1
10532,1
10533,1
10534,1
10535,1
10536,1
10537,1
10538,1
10539,1
10540,1
10541,1
10542,1
10543,1
10544,1
10545,1
10546,1
10547,1
10548,1
10549,1
10550,1
10551,1
10552,1
10553,1
10554,1
10555,1
10556,1
10557,1
10558,1
10559,1
10560,1
10561,1
10562,1
10563,1
10564,1
10565,1
10566,1
10567,1
10568,1
10569,1
10570,1
10571,1
10572,1
10573,1
10574,1
10575,1
10576,1
10577,1
10578,1
10579,1
10580,1
10581,1
10582,1
10583,1
10584,1
10585,1
10586,1
10587,1
10588,1
10589,1
10590,1
10591,1
10592,1
10593,1
10594,1
10595,1
10596,1
10597,1
10598,1
10599,1
10600,1
10601,1
10602,1
10603,1
10604,1
10605,1
10606,1
10607,1
10608,1
10609,1
10610,1
10611,1
10612,1
10613,1
10614,1
10615,1
10616,1
10617,1
10618,1
10619,1
10620,1
10621,1
10622,1
10623,1
10624,1
10625,1
10626,1
10627,1
10628,1
10629,1
10630,1
10631,1
10632,1
10633,1
10634,1
10635,1
10636,1
10637,1
10638,1
10639,1
10640,1
10641,1
10642,1
10643,1
10644,1
10645,1
10646,1
10647,1
10648,1
10649,1
10650,1
10651,1
10652,1
10653,1
10654,1
10655,1
10656,1
10657,1
10658,1
10659,1
10660,1
10661,1
10662,1
10663,1
10664,1
10665,1
10666,1
10667,1
10668,1
10669,1
10670,1
10671,1
10672,1
10673,1
10674,1
10675,1
10676,1
10677,1
10678,1
10679,1
10680,1
10681,1
10682,1
10683,1
10684,1
10685,1
10686,1
10687,1
10688,1
10689,1
10690,1
10691,1
10692,1
10693,1
10694,1
10695,1
10696,1
10697,1
10698,1
10699,1
10700,1
10701,1
10702,1
10703,1
10704,1
10705,1
10706,1
10707,1
10708,1
10709,1
10710,1
10711,1
10712,1
10713,1
10714,1
10715,1
10716,1
10717,1
10718,1
10719,1
10720,1
10721,1
10722,1
10723,1
10724,1
10725,1
10726,1
10727,1
10728,1
10729,1
10730,1
10731,1
10732,1
10733,1
10734,1
10735,1
10736,1
10737,1
10738,1
10739,1
10740,1
10741,1
10742,1
10743,1
10744,1
10745,1
10746,1
10747,1
10748,1
10749,1
10750,1
10751,1
10752,1
10753,1
10754,1
10755,1
10756,1
10757,1
10758,1
10759,1
10760,1
10761,1
10762,1
10763,1
10764,1
10765,1
10766,1
10767,1
10768,1
10769,1
10770,1
10771,1
10772,1
10773,1
10774,1
10775,1
10776,1
10777,1
10778,1
10779,1
10780,1
10781,1
10782,1
10783,1
10784,1
10785,1
10786,1
10787,1
10788,1
10789,1
10790,1
10791,1
10792,1
10793,1
10794,1
10795,1
10796,1
10797,1
10798,1
10799,1
10800,1
10801,1
10802,1
10803,1
10804,1
10805,1
10806,1
10807,1
10808,1
10809,1
10810,1
10811,1
10812,1
10813,1
10814,1
10815,1
10816,1
10817,1
10818,1
10819,1
10820,1
10821,1
10822,1
10823,1
10824,1
10825,1
10826,1
10827,1
10828,1
10829,1
10830,1
10831,1
10832,1
10833,1
10834,1
10835,1
10836,1
10837,1
10838,1
10839,1
10840,1
10841,1
10842,1
10843,1
10844,1
10845,1
10846,1
10847,1
10848,1
10849,1
10850,1
10851,1
10852,1
10853,1
10854,1
10855,1
10856,1
10857,1
10858,1
10859,1
10860,1
10861,1
10862,1
10863,1
10864,1
10865,1
10866,1
10867,1
10868,1
10869,1
10870,1
10871,1
10872,1
10873,1
10874,1
10875,1
10876,1
10877,1
10878,1
10879,1
10880,1
10881,1
10882,1
10883,1
10884,1
10885,1
10886,1
10887,1
10888,1
10889,1
10890,1
10891,1
10892,1
10893,1
10894,1
10895,1
10896,1
10897,1
10898,1
10899,1
10900,1
10901,1
10902,1
10903,1
10904,1
10905,1
10906,1
10907,1
10908,1
10909,1
10910,1
10911,1
10912,1
10913,1
10914,1
10915,1
10916,1
10917,1
10918,1
10919,1
10920,1
10921,1
10922,1
10923,1
10924,1
10925,1
10926,1
10927,1
10928,1
10929,1
10930,1
10931,1
10932,1
10933,1
10934,1
10935,1
10936,1
10937,1
10938,1
10939,1
10940,1
10941,1
10942,1
10943,1
10944,1
10945,1
10946,1
10947,1
10948,1
10949,1
10950,1
10951,1
10952,1
10953,1
10954,1
10955,1
10956,1
10957,1
10958,1
10959,1
10960,1
10961,1
10962,1
10963,1
10964,1
10965,1
10966,1
10967,1
10968,1
10969,1
10970,1
10971,1
10972,1
10973,1
10974,1
10975,1
10976,1
10977,1
10978,1
10979,1
10980,1
10981,1
10982,1
10983,1
10984,1
10985,1
10986,1
10987,1
10988,1
10989,1
10990,1
10991,1
10992,1
10993,1
10994,1
10995,1
10996,1
10997,1
10998,1
10999,1
11000,1
11001,1
11002,1
11003,1
11004,1
11005,1
11006,1
11007,1
11008,1
11009,1
11010,1
11011,1
11012,1
11013,1
11014,1
11015,1
11016,1
11017,1
11018,1
11019,1
11020,1
11021,1
11022,1
11023,1
11024,1
11025,1
11026,1
11027,1
11028,1
11029,1
11030,1
11031,1
11032,1
11033,1
11034,1
11035,1
11036,1
11037,1
11038,1
11039,1
11040,1
11041,1
11042,1
11043,1
11044,1
11045,1
11046,1
11047,1
11048,1
11049,1
11050,1
11051,1
11052,1
11053,1
11054,1
11055,1
11056,1
11057,1
11058,1
11059,1
11060,1
11061,1
11062,1
11063,1
11064,1
11065,1
11066,1
11067,1
11068,1
11069,1
11070,1
11071,1
11072,1
11073,1
11074,1
11075,1
11076,1
11077,1
11078,1
11079,1
11080,1
11081,1
11082,1
11083,1
11084,1
11085,1
11086,1
11087,1
11088,1
11089,1
11090,1
11091,1
11092,1
11093,1
11094,1
11095,1
11096,1
11097,1
11098,1
11099,1
11100,1
11101,1
11102,1
11103,1
11104,1
11105,1
11106,1
11107,1
11108,1
11109,1
11110,1
11111,1
11112,1
11113,1
11114,1
11115,1
11116,1
11117,1
11118,1
11119,1
11120,1
11121,1
11122,1
11123,1
11124,1
11125,1
11126,1
11127,1
11128,1
11129,1
11130,1
11131,1
11132,1
11133,1
11134,1
11135,1
11136,1
11137,1
11138,1
11139,1
11140,1
11141,1
11142,1
11143,1
11144,1
11145,1
11146,1
11147,1
11148,1
11149,1
11150,1
11151,1
11152,1
11153,1
11154,1
11155,1
11156,1
11157,1
11158,1
11159,1
11160,1
11161,1
11162,1
11163,1
11164,1
11165,1
11166,1
11167,1
11168,1
11169,1
11170,1
11171,1
11172,1
11173,1
11174,1
11175,1
11176,1
11177,1
11178,1
11179,1
11180,1
11181,1
11182,1
11183,1
11184,1
11185,1
11186,1
11187,1
11188,1
11189,1
11190,1
11191,1
11192,1
11193,1
11194,1
11195,1
11196,1
11197,1
11198,1
11199,1
11200,1
11201,1
11202,1
11203,1
11204,1
11205,1
11206,1
11207,1
11208,1
11209,1
11210,1
11211,1
11212,1
11213,1
11214,1
11215,1
11216,1
11217,1
11218,1
11219,1
11220,1
11221,1
11222,1
11223,1
11224,1
11225,1
11226,1
11227,1
11228,1
11229,1
11230,1
11231,1
11232,1
11233,1
11234,1
11235,1
11236,1
11237,1
11238,1
11239,1
11240,1
11241,1
11242,1
11243,1
11244,1
11245,1
11246,1
11247,1
11248,1
11249,1
11250,1
11251,1
11252,1
11253,1
11254,1
11255,1
11256,1
11257,1
11258,1
11259,1
11260,1
11261,1
11262,1
11263,1
11264,1
11265,1
11266,1
11267,1
11268,1
11269,1
11270,1
11271,1
11272,1
11273,1
11274,1
11275,1
11276,1
11277,1
11278,1
11279,1
11280,1
11281,1
11282,1
11283,1
11284,1
11285,1
11286,1
11287,1
11288,1
11289,1
11290,1
11291,1
11292,1
11293,1
11294,1
11295,1
11296,1
11297,1
11298,1
11299,1
11300,1
11301,1
11302,1
11303,1
11304,1
11305,1
11306,1
11307,1
11308,1
11309,1
11310,1
11311,1
11312,1
11313,1
11314,1
11315,1
11316,1
11317,1
11318,1
11319,1
11320,1
11321,1
11322,1
11323,1
11324,1
11325,1
11326,1
11327,1
11328,1
11329,1
11330,1
11331,1
11332,1
11333,1
11334,1
11335,1
11336,1
11337,1
11338,1
11339,1
11340,1
11341,1
11342,1
11343,1
11344,1
11345,1
11346,1
11347,1
11348,1
11349,1
11350,1
11351,1
11352,1
11353,1
11354,1
11355,1
11356,1
11357,1
11358,1
11359,1
11360,1
11361,1
11362,1
11363,1
11364,1
11365,1
11366,1
11367,1
11368,1
11369,1
11370,1
11371,1
11372,1
11373,1
11374,1
11375,1
11376,1
11377,1
11378,1
11379,1
11380,1
11381,1
11382,1
11383,1
11384,1
11385,1
11386,1
11387,1
11388,1
11389,1
11390,1
11391,1
11392,1
11393,1
11394,1
11395,1
11396,1
11397,1
11398,1
11399,1
11400,1
11401,1
11402,1
11403,1
11404,1
11405,1
11406,1
11407,1
11408,1
11409,1
11410,1
11411,1
11412,1
11413,1
11414,1
11415,1
11416,1
11417,1
11418,1
11419,1
11420,1
11421,1
11422,1
11423,1
11424,1
11425,1
11426,1
11427,1
11428,1
11429,1
11430,1
11431,1
11432,1
11433,1
11434,1
11435,1
11436,1
11437,1
11438,1
11439,1
11440,1
11441,1
11442,1
11443,1
11444,1
11445,1
11446,1
11447,1
11448,1
11449,1
11450,1
11451,1
11452,1
11453,1
11454,1
11455,1
11456,1
11457,1
11458,1
11459,1
11460,1
11461,1
11462,1
11463,1
11464,1
11465,1
11466,1
11467,1
11468,1
11469,1
11470,1
11471,1
11472,1
11473,1
11474,1
11475,1
11476,1
11477,1
11478,1
11479,1
11480,1
11481,1
11482,1
11483,1
11484,1
11485,1
11486,1
11487,1
11488,1
11489,1
11490,1
11491,1
11492,1
11493,1
11494,1
11495,1
11496,1
11497,1
11498,1
11499,1
11500,1
11501,1
11502,1
11503,1
11504,1
11505,1
11506,1
11507,1
11508,1
11509,1
11510,1
11511,1
11512,1
11513,1
11514,1
11515,1
11516,1
11517,1
11518,1
11519,1
11520,1
11521,1
11522,1
11523,1
11524,1
11525,1
11526,1
11527,1
11528,1
11529,1
11530,1
11531,1
11532,1
11533,1
11534,1
11535,1
11536,1
11537,1
11538,1
11539,1
11540,1
11541,1
11542,1
11543,1
11544,1
11545,1
11546,1
11547,1
11548,1
11549,1
11550,1
11551,1
11552,1
11553,1
11554,1
11555,1
11556,1
11557,1
11558,1
11559,1
11560,1
11561,1
11562,1
11563,1
11564,1
11565,1
11566,1
11567,1
11568,1
11569,1
11570,1
11571,1
11572,1
11573,1
11574,1
11575,1
11576,1
11577,1
11578,1
11579,1
11580,1
11581,1
11582,1
11583,1
11584,1
11585,1
11586,1
11587,1
11588,1
11589,1
11590,1
11591,1
11592,1
11593,1
11594,1
11595,1
11596,1
11597,1
11598,1
11599,1
11600,1
11601,1
11602,1
11603,1
11604,1
11605,1
11606,1
11607,1
11608,1
11609,1
11610,1
11611,1
11612,1
11613,1
11614,1
11615,1
11616,1
11617,1
11618,1
11619,1
11620,1
11621,1
11622,1
11623,1
11624,1
11625,1
11626,1
11627,1
11628,1
11629,1
11630,1
11631,1
11632,1
11633,1
11634,1
11635,1
11636,1
11637,1
11638,1
11639,1
11640,1
11641,1
11642,1
11643,1
11644,1
11645,1
11646,1
11647,1
11648,1
11649,1
11650,1
11651,1
11652,1
11653,1
11654,1
11655,1
11656,1
11657,1
11658,1
11659,1
11660,1
11661,1
11662,1
11663,1
11664,1
11665,1
11666,1
11667,1
11668,1
11669,1
11670,1
11671,1
11672,1
11673,1
11674,1
11675,1
11676,1
11677,1
11678,1
11679,1
11680,1
11681,1
11682,1
11683,1
11684,1
11685,1
11686,1
11687,1
11688,1
11689,1
11690,1
11691,1
11692,1
11693,1
11694,1
11695,1
11696,1
11697,1
11698,1
11699,1
11700,1
11701,1
11702,1
11703,1
11704,1
11705,1
11706,1
11707,1
11708,1
11709,1
11710,1
11711,1
11712,1
11713,1
11714,1
11715,1
11716,1
11717,1
11718,1
11719,1
11720,1
11721,1
11722,1
11723,1
11724,1
11725,1
11726,1
11727,1
11728,1
11729,1
11730,1
11731,1
11732,1
11733,1
11734,1
11735,1
11736,1
11737,1
11738,1
11739,1
11740,1
11741,1
11742,1
11743,1
11744,1
11745,1
11746,1
11747,1
11748,1
11749,1
11750,1
11751,1
11752,1
11753,1
11754,1
11755,1
11756,1
11757,1
11758,1
11759,1
11760,1
11761,1
11762,1
11763,1
11764,1
11765,1
11766,1
11767,1
11768,1
11769,1
11770,1
11771,1
11772,1
11773,1
11774,1
11775,1
11776,1
11777,1
11778,1
11779,1
11780,1
11781,1
11782,1
11783,1
11784,1
11785,1
11786,1
11787,1
11788,1
11789,1
11790,1
11791,1
11792,1
11793,1
11794,1
11795,1
11796,1
11797,1
11798,1
11799,1
11800,1
11801,1
11802,1
11803,1
11804,1
11805,1
11806,1
11807,1
11808,1
11809,1
11810,1
11811,1
11812,1
11813,1
11814,1
11815,1
11816,1
11817,1
11818,1
11819,1
11820,1
11821,1
11822,1
11823,1
11824,1
11825,1
11826,1
11827,1
11828,1
11829,1
11830,1
11831,1
11832,1
11833,1
11834,1
11835,1
11836,1
11837,1
11838,1
11839,1
11840,1
11841,1
11842,1
11843,1
11844,1
11845,1
11846,1
11847,1
11848,1
11849,1
11850,1
11851,1
11852,1
11853,1
11854,1
11855,1
11856,1
11857,1
11858,1
11859,1
11860,1
11861,1
11862,1
11863,1
11864,1
11865,1
11866,1
11867,1
11868,1
11869,1
11870,1
11871,1
11872,1
11873,1
11874,1
11875,1
11876,1
11877,1
11878,1
11879,1
11880,1
11881,1
11882,1
11883,1
11884,1
11885,1
11886,1
11887,1
11888,1
11889,1
11890,1
11891,1
11892,1
11893,1
11894,1
11895,1
11896,1
11897,1
11898,1
11899,1
11900,1
11901,1
11902,1
11903,1
11904,1
11905,1
11906,1
11907,1
11908,1
11909,1
11910,1
11911,1
11912,1
11913,1
11914,1
11915,1
11916,1
11917,1
11918,1
11919,1
11920,1
11921,1
11922,1
11923,1
11924,1
11925,1
11926,1
11927,1
11928,1
11929,1
11930,1
11931,1
11932,1
11933,1
11934,1
11935,1
11936,1
11937,1
11938,1
11939,1
11940,1
11941,1
11942,1
11943,1
11944,1
11945,1
11946,1
11947,1
11948,1
11949,1
11950,1
11951,1
11952,1
11953,1
11954,1
11955,1
11956,1
11957,1
11958,1
11959,1
11960,1
11961,1
11962,1
11963,1
11964,1
11965,1
11966,1
11967,1
11968,1
11969,1
11970,1
11971,1
11972,1
11973,1
11974,1
11975,1
11976,1
11977,1
11978,1
11979,1
11980,1
11981,1
11982,1
11983,1
11984,1
11985,1
11986,1
11987,1
11988,1
11989,1
11990,1
11991,1
11992,1
11993,1
11994,1
11995,1
11996,1
11997,1
11998,1
11999,1
12000,1
12001,1
12002,1
12003,1
12004,1
12005,1
12006,1
12007,1
12008,1
12009,1
12010,1
12011,1
12012,1
12013,1
12014,1
12015,1
12016,1
12017,1
12018,1
12019,1
12020,1
12021,1
12022,1
12023,1
12024,1
12025,1
12026,1
12027,1
12028,1
12029,1
12030,1
12031,1
12032,1
12033,1
12034,1
12035,1
12036,1
12037,1
12038,1
12039,1
12040,1
12041,1
12042,1
12043,1
12044,1
12045,1
12046,1
12047,1
12048,1
12049,1
12050,1
12051,1
12052,1
12053,1
12054,1
12055,1
12056,1
12057,1
12058,1
12059,1
12060,1
12061,1
12062,1
12063,1
12064,1
12065,1
12066,1
12067,1
12068,1
12069,1
12070,1
12071,1
12072,1
12073,1
12074,1
12075,1
12076,1
12077,1
12078,1
12079,1
12080,1
12081,1
12082,1
12083,1
12084,1
12085,1
12086,1
12087,1
12088,1
12089,1
12090,1
12091,1
12092,1
12093,1
12094,1
12095,1
12096,1
12097,1
12098,1
12099,1
12100,1
12101,1
12102,1
12103,1
12104,1
12105,1
12106,1
12107,1
12108,1
12109,1
12110,1
12111,1
12112,1
12113,1
12114,1
12115,1
12116,1
12117,1
12118,1
12119,1
12120,1
12121,1
12122,1
12123,1
12124,1
12125,1
12126,1
12127,1
12128,1
12129,1
12130,1
12131,1
12132,1
12133,1
12134,1
12135,1
12136,1
12137,1
12138,1
12139,1
12140,1
12141,1
12142,1
12143,1
12144,1
12145,1
12146,1
12147,1
12148,1
12149,1
12150,1
12151,1
12152,1
12153,1
12154,1
12155,1
12156,1
12157,1
12158,1
12159,1
12160,1
12161,1
12162,1
12163,1
12164,1
12165,1
12166,1
12167,1
12168,1
12169,1
12170,1
12171,1
12172,1
12173,1
12174,1
12175,1
12176,1
12177,1
12178,1
12179,1
12180,1
12181,1
12182,1
12183,1
12184,1
12185,1
12186,1
12187,1
12188,1
12189,1
12190,1
12191,1
12192,1
12193,1
12194,1
12195,1
12196,1
12197,1
12198,1
12199,1
12200,1
12201,1
12202,1
12203,1
12204,1
12205,1
12206,1
12207,1
12208,1
12209,1
12210,1
12211,1
12212,1
12213,1
12214,1
12215,1
12216,1
12217,1
12218,1
12219,1
12220,1
12221,1
12222,1
12223,1
12224,1
12225,1
12226,1
12227,1
12228,1
12229,1
12230,1
12231,1
12232,1
12233,1
12234,1
12235,1
12236,1
12237,1
12238,1
12239,1
12240,1
12241,1
12242,1
12243,1
12244,1
12245,1
12246,1
12247,1
12248,1
12249,1
12250,1
12251,1
12252,1
12253,1
12254,1
12255,1
12256,1
12257,1
12258,1
12259,1
12260,1
12261,1
12262,1
12263,1
12264,1
12265,1
12266,1
12267,1
12268,1
12269,1
12270,1
12271,1
12272,1
12273,1
12274,1
12275,1
12276,1
12277,1
12278,1
12279,1
12280,1
12281,1
12282,1
12283,1
12284,1
12285,1
12286,1
12287,1
12288,1
12289,1
12290,1
12291,1
12292,1
12293,1
12294,1
12295,1
12296,1
12297,1
12298,1
12299,1
12300,1
12301,1
12302,1
12303,1
12304,1
12305,1
12306,1
12307,1
12308,1
12309,1
12310,1
12311,1
12312,1
12313,1
12314,1
12315,1
12316,1
12317,1
12318,1
12319,1
12320,1
12321,1
12322,1
12323,1
12324,1
12325,1
12326,1
12327,1
12328,1
12329,1
12330,1
12331,1
12332,1
12333,1
12334,1
12335,1
12336,1
12337,1
12338,1
12339,1
12340,1
12341,1
12342,1
12343,1
12344,1
12345,1
12346,1
12347,1
12348,1
12349,1
12350,1
12351,1
12352,1
12353,1
12354,1
12355,1
12356,1
12357,1
12358,1
12359,1
12360,1
12361,1
12362,1
12363,1
12364,1
12365,1
12366,1
12367,1
12368,1
12369,1
12370,1
12371,1
12372,1
12373,1
12374,1
12375,1
12376,1
12377,1
12378,1
12379,1
12380,1
12381,1
12382,1
12383,1
12384,1
12385,1
12386,1
12387,1
12388,1
12389,1
12390,1
12391,1
12392,1
12393,1
12394,1
12395,1
12396,1
12397,1
12398,1
12399,1
12400,1
12401,1
12402,1
12403,1
12404,1
12405,1
12406,1
12407,1
12408,1
12409,1
12410,1
12411,1
12412,1
12413,1
12414,1
12415,1
12416,1
12417,1
12418,1
12419,1
12420,1
12421,1
12422,1
12423,1
12424,1
12425,1
12426,1
12427,1
12428,1
12429,1
12430,1
12431,1
12432,1
12433,1
12434,1
12435,1
12436,1
12437,1
12438,1
12439,1
12440,1
12441,1
12442,1
12443,1
12444,1
12445,1
12446,1
12447,1
12448,1
12449,1
12450,1
12451,1
12452,1
12453,1
12454,1
12455,1
12456,1
12457,1
12458,1
12459,1
12460,1
12461,1
12462,1
12463,1
12464,1
12465,1
12466,1
12467,1
12468,1
12469,1
12470,1
12471,1
12472,1
12473,1
12474,1
12475,1
12476,1
12477,1
12478,1
12479,1
12480,1
12481,1
12482,1
12483,1
12484,1
12485,1
12486,1
12487,1
12488,1
12489,1
12490,1
12491,1
12492,1
12493,1
12494,1
12495,1
12496,1
12497,1
12498,1
12499,1
12500,1
12501,1
12502,1
12503,1
12504,1
12505,1
12506,1
12507,1
12508,1
12509,1
12510,1
12511,1
12512,1
12513,1
12514,1
12515,1
12516,1
12517,1
12518,1
12519,1
12520,1
12521,1
12522,1
12523,1
12524,1
12525,1
12526,1
12527,1
12528,1
12529,1
12530,1
12531,1
12532,1
12533,1
12534,1
12535,1
12536,1
12537,1
12538,1
12539,1
12540,1
12541,1
12542,1
12543,1
12544,1
12545,1
12546,1
12547,1
12548,1
12549,1
12550,1
12551,1
12552,1
12553,1
12554,1
12555,1
12556,1
12557,1
12558,1
12559,1
12560,1
12561,1
12562,1
12563,1
12564,1
12565,1
12566,1
12567,1
12568,1
12569,1
12570,1
12571,1
12572,1
12573,1
12574,1
12575,1
12576,1
12577,1
12578,1
12579,1
12580,1
12581,1
12582,1
12583,1
12584,1
12585,1
12586,1
12587,1
12588,1
12589,1
12590,1
12591,1
12592,1
12593,1
12594,1
12595,1
12596,1
12597,1
12598,1
12599,1
12600,1
12601,1
12602,1
12603,1
12604,1
12605,1
12606,1
12607,1
12608,1
12609,1
12610,1
12611,1
12612,1
12613,1
12614,1
12615,1
12616,1
12617,1
12618,1
12619,1
12620,1
12621,1
12622,1
12623,1
12624,1
12625,1
12626,1
12627,1
12628,1
12629,1
12630,1
12631,1
12632,1
12633,1
12634,1
12635,1
12636,1
12637,1
12638,1
12639,1
12640,1
12641,1
12642,1
12643,1
12644,1
12645,1
12646,1
12647,1
12648,1
12649,1
12650,1
12651,1
12652,1
12653,1
12654,1
12655,1
12656,1
12657,1
12658,1
12659,1
12660,1
12661,1
12662,1
12663,1
12664,1
12665,1
12666,1
12667,1
12668,1
12669,1
12670,1
12671,1
12672,1
12673,1
12674,1
12675,1
12676,1
12677,1
12678,1
12679,1
12680,1
12681,1
12682,1
12683,1
12684,1
12685,1
12686,1
12687,1
12688,1
12689,1
12690,1
12691,1
12692,1
12693,1
12694,1
12695,1
12696,1
12697,1
12698,1
12699,1
12700,1
12701,1
12702,1
12703,1
12704,1
12705,1
12706,1
12707,1
12708,1
12709,1
12710,1
12711,1
12712,1
12713,1
12714,1
12715,1
12716,1
12717,1
12718,1
12719,1
12720,1
12721,1
12722,1
12723,1
12724,1
12725,1
12726,1
12727,1
12728,1
12729,1
12730,1
12731,1
12732,1
12733,1
12734,1
12735,1
12736,1
12737,1
12738,1
12739,1
12740,1
12741,1
12742,1
12743,1
12744,1
12745,1
12746,1
12747,1
12748,1
12749,1
12750,1
12751,1
12752,1
12753,1
12754,1
12755,1
12756,1
12757,1
12758,1
12759,1
12760,1
12761,1
12762,1
12763,1
12764,1
12765,1
12766,1
12767,1
12768,1
12769,1
12770,1
12771,1
12772,1
12773,1
12774,1
12775,1
12776,1
12777,1
12778,1
12779,1
12780,1
12781,1
12782,1
12783,1
12784,1
12785,1
12786,1
12787,1
12788,1
12789,1
12790,1
12791,1
12792,1
12793,1
12794,1
12795,1
12796,1
12797,1
12798,1
12799,1
12800,1
12801,1
12802,1
12803,1
12804,1
12805,1
12806,1
12807,1
12808,1
12809,1
12810,1
12811,1
12812,1
12813,1
12814,1
12815,1
12816,1
12817,1
12818,1
12819,1
12820,1
12821,1
12822,1
12823,1
12824,1
12825,1
12826,1
12827,1
12828,1
12829,1
12830,1
12831,1
12832,1
12833,1
12834,1
12835,1
12836,1
12837,1
12838,1
12839,1
12840,1
12841,1
12842,1
12843,1
12844,1
12845,1
12846,1
12847,1
12848,1
12849,1
12850,1
12851,1
12852,1
12853,1
12854,1
12855,1
12856,1
12857,1
12858,1
12859,1
12860,1
12861,1
12862,1
12863,1
12864,1
12865,1
12866,1
12867,1
12868,1
12869,1
12870,1
12871,1
12872,1
12873,1
12874,1
12875,1
12876,1
12877,1
12878,1
12879,1
12880,1
12881,1
12882,1
12883,1
12884,1
12885,1
12886,1
12887,1
12888,1
12889,1
12890,1
12891,1
12892,1
12893,1
12894,1
12895,1
12896,1
12897,1
12898,1
12899,1
12900,1
12901,1
12902,1
12903,1
12904,1
12905,1
12906,1
12907,1
12908,1
12909,1
12910,1
12911,1
12912,1
12913,1
12914,1
12915,1
12916,1
12917,1
12918,1
12919,1
12920,1
12921,1
12922,1
12923,1
12924,1
12925,1
12926,1
12927,1
12928,1
12929,1
12930,1
12931,1
12932,1
12933,1
12934,1
12935,1
12936,1
12937,1
12938,1
12939,1
12940,1
12941,1
12942,1
12943,1
12944,1
12945,1
12946,1
12947,1
12948,1
12949,1
12950,1
12951,1
12952,1
12953,1
12954,1
12955,1
12956,1
12957,1
12958,1
12959,1
12960,1
12961,1
12962,1
12963,1
12964,1
12965,1
12966,1
12967,1
12968,1
12969,1
12970,1
12971,1
12972,1
12973,1
12974,1
12975,1
12976,1
12977,1
12978,1
12979,1
12980,1
12981,1
12982,1
12983,1
12984,1
12985,1
12986,1
12987,1
12988,1
12989,1
12990,1
12991,1
12992,1
12993,1
12994,1
12995,1
12996,1
12997,1
12998,1
12999,1
13000,1
13001,1
13002,1
13003,1
13004,1
13005,1
13006,1
13007,1
13008,1
13009,1
13010,1
13011,1
13012,1
13013,1
13014,1
13015,1
13016,1
13017,1
13018,1
13019,1
13020,1
13021,1
13022,1
13023,1
13024,1
13025,1
13026,1
13027,1
13028,1
13029,1
13030,1
13031,1
13032,1
13033,1
13034,1
13035,1
13036,1
13037,1
13038,1
13039,1
13040,1
13041,1
13042,1
13043,1
13044,1
13045,1
13046,1
13047,1
13048,1
13049,1
13050,1
13051,1
13052,1
13053,1
13054,1
13055,1
13056,1
13057,1
13058,1
13059,1
13060,1
13061,1
13062,1
13063,1
13064,1
13065,1
13066,1
13067,1
13068,1
13069,1
13070,1
13071,1
13072,1
13073,1
13074,1
13075,1
13076,1
13077,1
13078,1
13079,1
13080,1
13081,1
13082,1
13083,1
13084,1
13085,1
13086,1
13087,1
13088,1
13089,1
13090,1
13091,1
13092,1
13093,1
13094,1
13095,1
13096,1
13097,1
13098,1
13099,1
13100,1
13101,1
13102,1
13103,1
13104,1
13105,1
13106,1
13107,1
13108,1
13109,1
13110,1
13111,1
13112,1
13113,1
13114,1
13115,1
13116,1
13117,1
13118,1
13119,1
13120,1
13121,1
13122,1
13123,1
13124,1
13125,1
13126,1
13127,1
13128,1
13129,1
13130,1
13131,1
13132,1
13133,1
13134,1
13135,1
13136,1
13137,1
13138,1
13139,1
13140,1
13141,1
13142,1
13143,1
13144,1
13145,1
13146,1
13147,1
13148,1
13149,1
13150,1
13151,1
13152,1
13153,1
13154,1
13155,1
13156,1
13157,1
13158,1
13159,1
13160,1
13161,1
13162,1
13163,1
13164,1
13165,1
13166,1
13167,1
13168,1
13169,1
13170,1
13171,1
13172,1
13173,1
13174,1
13175,1
13176,1
13177,1
13178,1
13179,1
13180,1
13181,1
13182,1
13183,1
13184,1
13185,1
13186,1
13187,1
13188,1
13189,1
13190,1
13191,1
13192,1
13193,1
13194,1
13195,1
13196,1
13197,1
13198,1
13199,1
13200,1
13201,1
13202,1
13203,1
13204,1
13205,1
13206,1
13207,1
13208,1
13209,1
13210,1
13211,1
13212,1
13213,1
13214,1
13215,1
13216,1
13217,1
13218,1
13219,1
13220,1
13221,1
13222,1
13223,1
13224,1
13225,1
13226,1
13227,1
13228,1
13229,1
13230,1
13231,1
13232,1
13233,1
13234,1
13235,1
13236,1
13237,1
13238,1
13239,1
13240,1
13241,1
13242,1
13243,1
13244,1
13245,1
13246,1
13247,1
13248,1
13249,1
13250,1
13251,1
13252,1
13253,1
13254,1
13255,1
13256,1
13257,1
13258,1
13259,1
13260,1
13261,1
13262,1
13263,1
13264,1
13265,1
13266,1
13267,1
13268,1
13269,1
13270,1
13271,1
13272,1
13273,1
13274,1
13275,1
13276,1
13277,1
13278,1
13279,1
13280,1
13281,1
13282,1
13283,1
13284,1
13285,1
13286,1
13287,1
13288,1
13289,1
13290,1
13291,1
13292,1
13293,1
13294,1
13295,1
13296,1
13297,1
13298,1
13299,1
13300,1
13301,1
13302,1
13303,1
13304,1
13305,1
13306,1
13307,1
13308,1
13309,1
13310,1
13311,1
13312,1
13313,1
13314,1
13315,1
13316,1
13317,1
13318,1
13319,1
13320,1
13321,1
13322,1
13323,1
13324,1
13325,1
13326,1
13327,1
13328,1
13329,1
13330,1
13331,1
13332,1
13333,1
13334,1
13335,1
13336,1
13337,1
13338,1
13339,1
13340,1
13341,1
13342,1
13343,1
13344,1
13345,1
13346,1
13347,1
13348,1
13349,1
13350,1
13351,1
13352,1
13353,1
13354,1
13355,1
13356,1
13357,1
13358,1
13359,1
13360,1
13361,1
13362,1
13363,1
13364,1
13365,1
13366,1
13367,1
13368,1
13369,1
13370,1
13371,1
13372,1
13373,1
13374,1
13375,1
13376,1
13377,1
13378,1
13379,1
13380,1
13381,1
13382,1
13383,1
13384,1
13385,1
13386,1
13387,1
13388,1
13389,1
13390,1
13391,1
13392,1
13393,1
13394,1
13395,1
13396,1
13397,1
13398,1
13399,1
13400,1
13401,1
13402,1
13403,1
13404,1
13405,1
13406,1
13407,1
13408,1
13409,1
13410,1
13411,1
13412,1
13413,1
13414,1
13415,1
13416,1
13417,1
13418,1
13419,1
13420,1
13421,1
13422,1
13423,1
13424,1
13425,1
13426,1
13427,1
13428,1
13429,1
13430,1
13431,1
13432,1
13433,1
13434,1
13435,1
13436,1
13437,1
13438,1
13439,1
13440,1
13441,1
13442,1
13443,1
13444,1
13445,1
13446,1
13447,1
13448,1
13449,1
13450,1
13451,1
13452,1
13453,1
13454,1
13455,1
13456,1
13457,1
13458,1
13459,1
13460,1
13461,1
13462,1
13463,1
13464,1
13465,1
13466,1
13467,1
13468,1
13469,1
13470,1
13471,1
13472,1
13473,1
13474,1
13475,1
13476,1
13477,1
13478,1
13479,1
13480,1
13481,1
13482,1
13483,1
13484,1
13485,1
13486,1
13487,1
13488,1
13489,1
13490,1
13491,1
13492,1
13493,1
13494,1
13495,1
13496,1
13497,1
13498,1
13499,1
13500,1
13501,1
13502,1
13503,1
13504,1
13505,1
13506,1
13507,1
13508,1
13509,1
13510,1
13511,1
13512,1
13513,1
13514,1
13515,1
13516,1
13517,1
13518,1
13519,1
13520,1
13521,1
13522,1
13523,1
13524,1
13525,1
13526,1
13527,1
13528,1
13529,1
13530,1
13531,1
13532,1
13533,1
13534,1
13535,1
13536,1
13537,1
13538,1
13539,1
13540,1
13541,1
13542,1
13543,1
13544,1
13545,1
13546,1
13547,1
13548,1
13549,1
13550,1
13551,1
13552,1
13553,1
13554,1
13555,1
13556,1
13557,1
13558,1
13559,1
13560,1
13561,1
13562,1
13563,1
13564,1
13565,1
13566,1
13567,1
13568,1
13569,1
13570,1
13571,1
13572,1
13573,1
13574,1
13575,1
13576,1
13577,1
13578,1
13579,1
13580,1
13581,1
13582,1
13583,1
13584,1
13585,1
13586,1
13587,1
13588,1
13589,1
13590,1
13591,1
13592,1
13593,1
13594,1
13595,1
13596,1
13597,1
